image_id,split,image_filename,condition_scenario,camera_angle,lighting,distance,expected_classes,annotation_status,source_type,diagnostic_status
goat_0001,train,goat_0001.jpg,skin_lesion,front,outdoor,close,goat|skin_lesion,NEEDS_REAL_IMAGE_ANNOTATION,placeholder_manifest,NOT_A_DIAGNOSIS
goat_0002,train,goat_0002.jpg,healthy,front,good,far,goat,NEEDS_REAL_IMAGE_ANNOTATION,placeholder_manifest,NOT_A_DIAGNOSIS
goat_0003,train,goat_0003.jpg,eye_discharge,front,good,close,goat|eye_discharge,NEEDS_REAL_IMAGE_ANNOTATION,placeholder_manifest,NOT_A_DIAGNOSIS
goat_0004,train,goat_0004.jpg,healthy,front,indoor,far,goat,NEEDS_REAL_IMAGE_ANNOTATION,placeholder_manifest,NOT_A_DIAGNOSIS
goat_0005,train,goat_0005.jpg,skin_lesion,rear,indoor,medium,goat|skin_lesion,NEEDS_REAL_IMAGE_ANNOTATION,placeholder_manifest,NOT_A_DIAGNOSIS
goat_0006,train,goat_0006.jpg,nasal_discharge,front,indoor,far,goat|nasal_discharge,NEEDS_REAL_IMAGE_ANNOTATION,placeholder_manifest,NOT_A_DIAGNOSIS
goat_0007,train,goat_0007.jpg,eye_discharge,side_right,indoor,close,goat|eye_discharge,NEEDS_REAL_IMAGE_ANNOTATION,placeholder_manifest,NOT_A_DIAGNOSIS
goat_0008,train,goat_0008.jpg,multiple_visible_signs,side_right,good,close,goat|abnormal_posture|eye_discharge,NEEDS_REAL_IMAGE_ANNOTATION,placeholder_manifest,NOT_A_DIAGNOSIS
goat_0009,train,goat_0009.jpg,healthy,side_right,outdoor,close,goat,NEEDS_REAL_IMAGE_ANNOTATION,placeholder_manifest,NOT_A_DIAGNOSIS
goat_0010,train,goat_0010.jpg,skin_lesion,front,low_light,close,goat|skin_lesion,NEEDS_REAL_IMAGE_ANNOTATION,placeholder_manifest,NOT_A_DIAGNOSIS
goat_0011,train,goat_0011.jpg,nasal_discharge,side_right,indoor,far,goat|nasal_discharge,NEEDS_REAL_IMAGE_ANNOTATION,placeholder_manifest,NOT_A_DIAGNOSIS
goat_0012,train,goat_0012.jpg,healthy,side_left,outdoor,close,goat,NEEDS_REAL_IMAGE_ANNOTATION,placeholder_manifest,NOT_A_DIAGNOSIS
goat_0013,train,goat_0013.jpg,possible_lameness,front,low_light,medium,goat|possible_lameness,NEEDS_REAL_IMAGE_ANNOTATION,placeholder_manifest,NOT_A_DIAGNOSIS
goat_0014,train,goat_0014.jpg,eye_discharge,side_right,indoor,medium,goat|eye_discharge,NEEDS_REAL_IMAGE_ANNOTATION,placeholder_manifest,NOT_A_DIAGNOSIS
goat_0015,train,goat_0015.jpg,healthy,side_right,good,far,goat,NEEDS_REAL_IMAGE_ANNOTATION,placeholder_manifest,NOT_A_DIAGNOSIS
goat_0016,train,goat_0016.jpg,skin_lesion,side_left,indoor,medium,goat|skin_lesion,NEEDS_REAL_IMAGE_ANNOTATION,placeholder_manifest,NOT_A_DIAGNOSIS
goat_0017,train,goat_0017.jpg,healthy,side_left,outdoor,close,goat,NEEDS_REAL_IMAGE_ANNOTATION,placeholder_manifest,NOT_A_DIAGNOSIS
goat_0018,train,goat_0018.jpg,healthy,front,outdoor,medium,goat,NEEDS_REAL_IMAGE_ANNOTATION,placeholder_manifest,NOT_A_DIAGNOSIS
goat_0019,train,goat_0019.jpg,healthy,side_left,outdoor,close,goat,NEEDS_REAL_IMAGE_ANNOTATION,placeholder_manifest,NOT_A_DIAGNOSIS
goat_0020,train,goat_0020.jpg,skin_lesion,rear,low_light,close,goat|skin_lesion,NEEDS_REAL_IMAGE_ANNOTATION,placeholder_manifest,NOT_A_DIAGNOSIS
goat_0021,train,goat_0021.jpg,healthy,side_left,outdoor,far,goat,NEEDS_REAL_IMAGE_ANNOTATION,placeholder_manifest,NOT_A_DIAGNOSIS
goat_0022,train,goat_0022.jpg,nasal_discharge,rear,outdoor,close,goat|nasal_discharge,NEEDS_REAL_IMAGE_ANNOTATION,placeholder_manifest,NOT_A_DIAGNOSIS
goat_0023,train,goat_0023.jpg,multiple_visible_signs,side_left,low_light,close,goat|eye_discharge|possible_lameness,NEEDS_REAL_IMAGE_ANNOTATION,placeholder_manifest,NOT_A_DIAGNOSIS
goat_0024,train,goat_0024.jpg,healthy,side_left,low_light,far,goat,NEEDS_REAL_IMAGE_ANNOTATION,placeholder_manifest,NOT_A_DIAGNOSIS
goat_0025,train,goat_0025.jpg,healthy,rear,low_light,far,goat,NEEDS_REAL_IMAGE_ANNOTATION,placeholder_manifest,NOT_A_DIAGNOSIS
goat_0026,train,goat_0026.jpg,healthy,front,good,far,goat,NEEDS_REAL_IMAGE_ANNOTATION,placeholder_manifest,NOT_A_DIAGNOSIS
goat_0027,train,goat_0027.jpg,possible_lameness,side_right,outdoor,close,goat|possible_lameness,NEEDS_REAL_IMAGE_ANNOTATION,placeholder_manifest,NOT_A_DIAGNOSIS
goat_0028,train,goat_0028.jpg,healthy,side_left,low_light,close,goat,NEEDS_REAL_IMAGE_ANNOTATION,placeholder_manifest,NOT_A_DIAGNOSIS
goat_0029,train,goat_0029.jpg,multiple_visible_signs,side_right,indoor,far,goat|eye_discharge|skin_lesion,NEEDS_REAL_IMAGE_ANNOTATION,placeholder_manifest,NOT_A_DIAGNOSIS
goat_0030,train,goat_0030.jpg,possible_lameness,side_left,indoor,medium,goat|possible_lameness,NEEDS_REAL_IMAGE_ANNOTATION,placeholder_manifest,NOT_A_DIAGNOSIS
goat_0031,train,goat_0031.jpg,abnormal_posture,front,outdoor,medium,goat|abnormal_posture,NEEDS_REAL_IMAGE_ANNOTATION,placeholder_manifest,NOT_A_DIAGNOSIS
goat_0032,train,goat_0032.jpg,healthy,side_right,outdoor,close,goat,NEEDS_REAL_IMAGE_ANNOTATION,placeholder_manifest,NOT_A_DIAGNOSIS
goat_0033,train,goat_0033.jpg,healthy,front,good,far,goat,NEEDS_REAL_IMAGE_ANNOTATION,placeholder_manifest,NOT_A_DIAGNOSIS
goat_0034,train,goat_0034.jpg,eye_discharge,front,indoor,close,goat|eye_discharge,NEEDS_REAL_IMAGE_ANNOTATION,placeholder_manifest,NOT_A_DIAGNOSIS
goat_0035,train,goat_0035.jpg,skin_lesion,side_left,outdoor,far,goat|skin_lesion,NEEDS_REAL_IMAGE_ANNOTATION,placeholder_manifest,NOT_A_DIAGNOSIS
goat_0036,train,goat_0036.jpg,possible_lameness,rear,indoor,far,goat|possible_lameness,NEEDS_REAL_IMAGE_ANNOTATION,placeholder_manifest,NOT_A_DIAGNOSIS
goat_0037,train,goat_0037.jpg,abnormal_posture,side_left,outdoor,medium,goat|abnormal_posture,NEEDS_REAL_IMAGE_ANNOTATION,placeholder_manifest,NOT_A_DIAGNOSIS
goat_0038,train,goat_0038.jpg,multiple_visible_signs,side_right,low_light,far,goat|abnormal_posture|eye_discharge,NEEDS_REAL_IMAGE_ANNOTATION,placeholder_manifest,NOT_A_DIAGNOSIS
goat_0039,train,goat_0039.jpg,healthy,front,outdoor,close,goat,NEEDS_REAL_IMAGE_ANNOTATION,placeholder_manifest,NOT_A_DIAGNOSIS
goat_0040,train,goat_0040.jpg,nasal_discharge,side_left,indoor,close,goat|nasal_discharge,NEEDS_REAL_IMAGE_ANNOTATION,placeholder_manifest,NOT_A_DIAGNOSIS
goat_0041,train,goat_0041.jpg,healthy,front,indoor,close,goat,NEEDS_REAL_IMAGE_ANNOTATION,placeholder_manifest,NOT_A_DIAGNOSIS
goat_0042,train,goat_0042.jpg,possible_lameness,side_right,good,far,goat|possible_lameness,NEEDS_REAL_IMAGE_ANNOTATION,placeholder_manifest,NOT_A_DIAGNOSIS
goat_0043,train,goat_0043.jpg,healthy,rear,indoor,far,goat,NEEDS_REAL_IMAGE_ANNOTATION,placeholder_manifest,NOT_A_DIAGNOSIS
goat_0044,train,goat_0044.jpg,healthy,rear,indoor,medium,goat,NEEDS_REAL_IMAGE_ANNOTATION,placeholder_manifest,NOT_A_DIAGNOSIS
goat_0045,train,goat_0045.jpg,abnormal_posture,side_left,good,close,goat|abnormal_posture,NEEDS_REAL_IMAGE_ANNOTATION,placeholder_manifest,NOT_A_DIAGNOSIS
goat_0046,train,goat_0046.jpg,skin_lesion,side_right,low_light,medium,goat|skin_lesion,NEEDS_REAL_IMAGE_ANNOTATION,placeholder_manifest,NOT_A_DIAGNOSIS
goat_0047,train,goat_0047.jpg,eye_discharge,front,good,close,goat|eye_discharge,NEEDS_REAL_IMAGE_ANNOTATION,placeholder_manifest,NOT_A_DIAGNOSIS
goat_0048,train,goat_0048.jpg,eye_discharge,side_right,good,close,goat|eye_discharge,NEEDS_REAL_IMAGE_ANNOTATION,placeholder_manifest,NOT_A_DIAGNOSIS
goat_0049,train,goat_0049.jpg,healthy,rear,indoor,medium,goat,NEEDS_REAL_IMAGE_ANNOTATION,placeholder_manifest,NOT_A_DIAGNOSIS
goat_0050,train,goat_0050.jpg,healthy,rear,indoor,close,goat,NEEDS_REAL_IMAGE_ANNOTATION,placeholder_manifest,NOT_A_DIAGNOSIS
goat_0051,train,goat_0051.jpg,eye_discharge,front,good,far,goat|eye_discharge,NEEDS_REAL_IMAGE_ANNOTATION,placeholder_manifest,NOT_A_DIAGNOSIS
goat_0052,train,goat_0052.jpg,multiple_visible_signs,front,good,close,goat|nasal_discharge|abnormal_posture,NEEDS_REAL_IMAGE_ANNOTATION,placeholder_manifest,NOT_A_DIAGNOSIS
goat_0053,train,goat_0053.jpg,eye_discharge,side_left,low_light,close,goat|eye_discharge,NEEDS_REAL_IMAGE_ANNOTATION,placeholder_manifest,NOT_A_DIAGNOSIS
goat_0054,train,goat_0054.jpg,healthy,front,low_light,medium,goat,NEEDS_REAL_IMAGE_ANNOTATION,placeholder_manifest,NOT_A_DIAGNOSIS
goat_0055,train,goat_0055.jpg,possible_lameness,rear,outdoor,medium,goat|possible_lameness,NEEDS_REAL_IMAGE_ANNOTATION,placeholder_manifest,NOT_A_DIAGNOSIS
goat_0056,train,goat_0056.jpg,skin_lesion,rear,indoor,close,goat|skin_lesion,NEEDS_REAL_IMAGE_ANNOTATION,placeholder_manifest,NOT_A_DIAGNOSIS
goat_0057,train,goat_0057.jpg,healthy,front,good,far,goat,NEEDS_REAL_IMAGE_ANNOTATION,placeholder_manifest,NOT_A_DIAGNOSIS
goat_0058,train,goat_0058.jpg,healthy,front,low_light,far,goat,NEEDS_REAL_IMAGE_ANNOTATION,placeholder_manifest,NOT_A_DIAGNOSIS
goat_0059,train,goat_0059.jpg,possible_lameness,side_left,good,far,goat|possible_lameness,NEEDS_REAL_IMAGE_ANNOTATION,placeholder_manifest,NOT_A_DIAGNOSIS
goat_0060,train,goat_0060.jpg,healthy,side_left,good,far,goat,NEEDS_REAL_IMAGE_ANNOTATION,placeholder_manifest,NOT_A_DIAGNOSIS
goat_0061,train,goat_0061.jpg,healthy,side_left,low_light,close,goat,NEEDS_REAL_IMAGE_ANNOTATION,placeholder_manifest,NOT_A_DIAGNOSIS
goat_0062,train,goat_0062.jpg,multiple_visible_signs,side_left,good,far,goat|eye_discharge|abnormal_posture,NEEDS_REAL_IMAGE_ANNOTATION,placeholder_manifest,NOT_A_DIAGNOSIS
goat_0063,train,goat_0063.jpg,skin_lesion,side_right,outdoor,close,goat|skin_lesion,NEEDS_REAL_IMAGE_ANNOTATION,placeholder_manifest,NOT_A_DIAGNOSIS
goat_0064,train,goat_0064.jpg,skin_lesion,side_right,indoor,medium,goat|skin_lesion,NEEDS_REAL_IMAGE_ANNOTATION,placeholder_manifest,NOT_A_DIAGNOSIS
goat_0065,train,goat_0065.jpg,healthy,side_right,low_light,medium,goat,NEEDS_REAL_IMAGE_ANNOTATION,placeholder_manifest,NOT_A_DIAGNOSIS
goat_0066,train,goat_0066.jpg,possible_lameness,front,good,medium,goat|possible_lameness,NEEDS_REAL_IMAGE_ANNOTATION,placeholder_manifest,NOT_A_DIAGNOSIS
goat_0067,train,goat_0067.jpg,skin_lesion,front,good,far,goat|skin_lesion,NEEDS_REAL_IMAGE_ANNOTATION,placeholder_manifest,NOT_A_DIAGNOSIS
goat_0068,train,goat_0068.jpg,healthy,side_right,indoor,medium,goat,NEEDS_REAL_IMAGE_ANNOTATION,placeholder_manifest,NOT_A_DIAGNOSIS
goat_0069,train,goat_0069.jpg,possible_lameness,side_left,outdoor,medium,goat|possible_lameness,NEEDS_REAL_IMAGE_ANNOTATION,placeholder_manifest,NOT_A_DIAGNOSIS
goat_0070,train,goat_0070.jpg,healthy,side_right,good,far,goat,NEEDS_REAL_IMAGE_ANNOTATION,placeholder_manifest,NOT_A_DIAGNOSIS
goat_0071,train,goat_0071.jpg,abnormal_posture,side_right,good,close,goat|abnormal_posture,NEEDS_REAL_IMAGE_ANNOTATION,placeholder_manifest,NOT_A_DIAGNOSIS
goat_0072,train,goat_0072.jpg,healthy,front,indoor,medium,goat,NEEDS_REAL_IMAGE_ANNOTATION,placeholder_manifest,NOT_A_DIAGNOSIS
goat_0073,train,goat_0073.jpg,healthy,side_left,outdoor,close,goat,NEEDS_REAL_IMAGE_ANNOTATION,placeholder_manifest,NOT_A_DIAGNOSIS
goat_0074,train,goat_0074.jpg,skin_lesion,side_right,low_light,medium,goat|skin_lesion,NEEDS_REAL_IMAGE_ANNOTATION,placeholder_manifest,NOT_A_DIAGNOSIS
goat_0075,train,goat_0075.jpg,possible_lameness,front,good,far,goat|possible_lameness,NEEDS_REAL_IMAGE_ANNOTATION,placeholder_manifest,NOT_A_DIAGNOSIS
goat_0076,train,goat_0076.jpg,eye_discharge,side_right,good,close,goat|eye_discharge,NEEDS_REAL_IMAGE_ANNOTATION,placeholder_manifest,NOT_A_DIAGNOSIS
goat_0077,train,goat_0077.jpg,healthy,side_left,outdoor,close,goat,NEEDS_REAL_IMAGE_ANNOTATION,placeholder_manifest,NOT_A_DIAGNOSIS
goat_0078,train,goat_0078.jpg,abnormal_posture,rear,good,close,goat|abnormal_posture,NEEDS_REAL_IMAGE_ANNOTATION,placeholder_manifest,NOT_A_DIAGNOSIS
goat_0079,train,goat_0079.jpg,healthy,side_left,good,medium,goat,NEEDS_REAL_IMAGE_ANNOTATION,placeholder_manifest,NOT_A_DIAGNOSIS
goat_0080,train,goat_0080.jpg,nasal_discharge,side_left,low_light,close,goat|nasal_discharge,NEEDS_REAL_IMAGE_ANNOTATION,placeholder_manifest,NOT_A_DIAGNOSIS
goat_0081,train,goat_0081.jpg,healthy,side_right,good,medium,goat,NEEDS_REAL_IMAGE_ANNOTATION,placeholder_manifest,NOT_A_DIAGNOSIS
goat_0082,train,goat_0082.jpg,healthy,side_left,good,medium,goat,NEEDS_REAL_IMAGE_ANNOTATION,placeholder_manifest,NOT_A_DIAGNOSIS
goat_0083,train,goat_0083.jpg,abnormal_posture,rear,indoor,close,goat|abnormal_posture,NEEDS_REAL_IMAGE_ANNOTATION,placeholder_manifest,NOT_A_DIAGNOSIS
goat_0084,train,goat_0084.jpg,possible_lameness,side_left,low_light,close,goat|possible_lameness,NEEDS_REAL_IMAGE_ANNOTATION,placeholder_manifest,NOT_A_DIAGNOSIS
goat_0085,train,goat_0085.jpg,healthy,side_right,low_light,far,goat,NEEDS_REAL_IMAGE_ANNOTATION,placeholder_manifest,NOT_A_DIAGNOSIS
goat_0086,train,goat_0086.jpg,possible_lameness,side_left,outdoor,close,goat|possible_lameness,NEEDS_REAL_IMAGE_ANNOTATION,placeholder_manifest,NOT_A_DIAGNOSIS
goat_0087,train,goat_0087.jpg,abnormal_posture,front,low_light,close,goat|abnormal_posture,NEEDS_REAL_IMAGE_ANNOTATION,placeholder_manifest,NOT_A_DIAGNOSIS
goat_0088,train,goat_0088.jpg,possible_lameness,side_left,indoor,medium,goat|possible_lameness,NEEDS_REAL_IMAGE_ANNOTATION,placeholder_manifest,NOT_A_DIAGNOSIS
goat_0089,train,goat_0089.jpg,healthy,side_left,indoor,close,goat,NEEDS_REAL_IMAGE_ANNOTATION,placeholder_manifest,NOT_A_DIAGNOSIS
goat_0090,train,goat_0090.jpg,skin_lesion,rear,outdoor,medium,goat|skin_lesion,NEEDS_REAL_IMAGE_ANNOTATION,placeholder_manifest,NOT_A_DIAGNOSIS
goat_0091,train,goat_0091.jpg,possible_lameness,side_right,outdoor,far,goat|possible_lameness,NEEDS_REAL_IMAGE_ANNOTATION,placeholder_manifest,NOT_A_DIAGNOSIS
goat_0092,train,goat_0092.jpg,eye_discharge,side_right,good,close,goat|eye_discharge,NEEDS_REAL_IMAGE_ANNOTATION,placeholder_manifest,NOT_A_DIAGNOSIS
goat_0093,train,goat_0093.jpg,possible_lameness,side_right,indoor,far,goat|possible_lameness,NEEDS_REAL_IMAGE_ANNOTATION,placeholder_manifest,NOT_A_DIAGNOSIS
goat_0094,train,goat_0094.jpg,multiple_visible_signs,side_right,good,close,goat|possible_lameness|abnormal_posture,NEEDS_REAL_IMAGE_ANNOTATION,placeholder_manifest,NOT_A_DIAGNOSIS
goat_0095,train,goat_0095.jpg,healthy,side_right,low_light,far,goat,NEEDS_REAL_IMAGE_ANNOTATION,placeholder_manifest,NOT_A_DIAGNOSIS
goat_0096,train,goat_0096.jpg,multiple_visible_signs,front,low_light,far,goat|nasal_discharge|skin_lesion,NEEDS_REAL_IMAGE_ANNOTATION,placeholder_manifest,NOT_A_DIAGNOSIS
goat_0097,train,goat_0097.jpg,healthy,rear,good,far,goat,NEEDS_REAL_IMAGE_ANNOTATION,placeholder_manifest,NOT_A_DIAGNOSIS
goat_0098,train,goat_0098.jpg,possible_lameness,side_left,outdoor,medium,goat|possible_lameness,NEEDS_REAL_IMAGE_ANNOTATION,placeholder_manifest,NOT_A_DIAGNOSIS
goat_0099,train,goat_0099.jpg,healthy,side_right,outdoor,far,goat,NEEDS_REAL_IMAGE_ANNOTATION,placeholder_manifest,NOT_A_DIAGNOSIS
goat_0100,train,goat_0100.jpg,possible_lameness,side_right,outdoor,far,goat|possible_lameness,NEEDS_REAL_IMAGE_ANNOTATION,placeholder_manifest,NOT_A_DIAGNOSIS
goat_0101,train,goat_0101.jpg,eye_discharge,rear,outdoor,far,goat|eye_discharge,NEEDS_REAL_IMAGE_ANNOTATION,placeholder_manifest,NOT_A_DIAGNOSIS
goat_0102,train,goat_0102.jpg,healthy,rear,low_light,far,goat,NEEDS_REAL_IMAGE_ANNOTATION,placeholder_manifest,NOT_A_DIAGNOSIS
goat_0103,train,goat_0103.jpg,abnormal_posture,side_left,outdoor,medium,goat|abnormal_posture,NEEDS_REAL_IMAGE_ANNOTATION,placeholder_manifest,NOT_A_DIAGNOSIS
goat_0104,train,goat_0104.jpg,nasal_discharge,front,outdoor,medium,goat|nasal_discharge,NEEDS_REAL_IMAGE_ANNOTATION,placeholder_manifest,NOT_A_DIAGNOSIS
goat_0105,train,goat_0105.jpg,healthy,side_right,low_light,medium,goat,NEEDS_REAL_IMAGE_ANNOTATION,placeholder_manifest,NOT_A_DIAGNOSIS
goat_0106,train,goat_0106.jpg,eye_discharge,side_left,low_light,far,goat|eye_discharge,NEEDS_REAL_IMAGE_ANNOTATION,placeholder_manifest,NOT_A_DIAGNOSIS
goat_0107,train,goat_0107.jpg,healthy,front,outdoor,far,goat,NEEDS_REAL_IMAGE_ANNOTATION,placeholder_manifest,NOT_A_DIAGNOSIS
goat_0108,train,goat_0108.jpg,skin_lesion,side_right,good,close,goat|skin_lesion,NEEDS_REAL_IMAGE_ANNOTATION,placeholder_manifest,NOT_A_DIAGNOSIS
goat_0109,train,goat_0109.jpg,skin_lesion,side_left,indoor,close,goat|skin_lesion,NEEDS_REAL_IMAGE_ANNOTATION,placeholder_manifest,NOT_A_DIAGNOSIS
goat_0110,train,goat_0110.jpg,healthy,side_left,low_light,far,goat,NEEDS_REAL_IMAGE_ANNOTATION,placeholder_manifest,NOT_A_DIAGNOSIS
goat_0111,train,goat_0111.jpg,possible_lameness,front,low_light,medium,goat|possible_lameness,NEEDS_REAL_IMAGE_ANNOTATION,placeholder_manifest,NOT_A_DIAGNOSIS
goat_0112,train,goat_0112.jpg,possible_lameness,side_left,low_light,medium,goat|possible_lameness,NEEDS_REAL_IMAGE_ANNOTATION,placeholder_manifest,NOT_A_DIAGNOSIS
goat_0113,train,goat_0113.jpg,healthy,side_left,good,close,goat,NEEDS_REAL_IMAGE_ANNOTATION,placeholder_manifest,NOT_A_DIAGNOSIS
goat_0114,train,goat_0114.jpg,abnormal_posture,side_left,indoor,far,goat|abnormal_posture,NEEDS_REAL_IMAGE_ANNOTATION,placeholder_manifest,NOT_A_DIAGNOSIS
goat_0115,train,goat_0115.jpg,eye_discharge,front,indoor,close,goat|eye_discharge,NEEDS_REAL_IMAGE_ANNOTATION,placeholder_manifest,NOT_A_DIAGNOSIS
goat_0116,train,goat_0116.jpg,eye_discharge,rear,outdoor,medium,goat|eye_discharge,NEEDS_REAL_IMAGE_ANNOTATION,placeholder_manifest,NOT_A_DIAGNOSIS
goat_0117,train,goat_0117.jpg,nasal_discharge,rear,low_light,close,goat|nasal_discharge,NEEDS_REAL_IMAGE_ANNOTATION,placeholder_manifest,NOT_A_DIAGNOSIS
goat_0118,train,goat_0118.jpg,abnormal_posture,rear,low_light,medium,goat|abnormal_posture,NEEDS_REAL_IMAGE_ANNOTATION,placeholder_manifest,NOT_A_DIAGNOSIS
goat_0119,train,goat_0119.jpg,abnormal_posture,side_right,low_light,far,goat|abnormal_posture,NEEDS_REAL_IMAGE_ANNOTATION,placeholder_manifest,NOT_A_DIAGNOSIS
goat_0120,train,goat_0120.jpg,healthy,rear,good,far,goat,NEEDS_REAL_IMAGE_ANNOTATION,placeholder_manifest,NOT_A_DIAGNOSIS
goat_0121,train,goat_0121.jpg,healthy,side_right,outdoor,medium,goat,NEEDS_REAL_IMAGE_ANNOTATION,placeholder_manifest,NOT_A_DIAGNOSIS
goat_0122,train,goat_0122.jpg,possible_lameness,front,indoor,close,goat|possible_lameness,NEEDS_REAL_IMAGE_ANNOTATION,placeholder_manifest,NOT_A_DIAGNOSIS
goat_0123,train,goat_0123.jpg,healthy,side_left,indoor,close,goat,NEEDS_REAL_IMAGE_ANNOTATION,placeholder_manifest,NOT_A_DIAGNOSIS
goat_0124,train,goat_0124.jpg,eye_discharge,side_right,low_light,medium,goat|eye_discharge,NEEDS_REAL_IMAGE_ANNOTATION,placeholder_manifest,NOT_A_DIAGNOSIS
goat_0125,train,goat_0125.jpg,healthy,rear,low_light,far,goat,NEEDS_REAL_IMAGE_ANNOTATION,placeholder_manifest,NOT_A_DIAGNOSIS
goat_0126,train,goat_0126.jpg,multiple_visible_signs,front,low_light,medium,goat|eye_discharge|skin_lesion,NEEDS_REAL_IMAGE_ANNOTATION,placeholder_manifest,NOT_A_DIAGNOSIS
goat_0127,train,goat_0127.jpg,healthy,rear,low_light,far,goat,NEEDS_REAL_IMAGE_ANNOTATION,placeholder_manifest,NOT_A_DIAGNOSIS
goat_0128,train,goat_0128.jpg,abnormal_posture,side_left,low_light,close,goat|abnormal_posture,NEEDS_REAL_IMAGE_ANNOTATION,placeholder_manifest,NOT_A_DIAGNOSIS
goat_0129,train,goat_0129.jpg,healthy,rear,good,medium,goat,NEEDS_REAL_IMAGE_ANNOTATION,placeholder_manifest,NOT_A_DIAGNOSIS
goat_0130,train,goat_0130.jpg,healthy,rear,indoor,medium,goat,NEEDS_REAL_IMAGE_ANNOTATION,placeholder_manifest,NOT_A_DIAGNOSIS
goat_0131,train,goat_0131.jpg,possible_lameness,front,low_light,far,goat|possible_lameness,NEEDS_REAL_IMAGE_ANNOTATION,placeholder_manifest,NOT_A_DIAGNOSIS
goat_0132,train,goat_0132.jpg,nasal_discharge,front,good,far,goat|nasal_discharge,NEEDS_REAL_IMAGE_ANNOTATION,placeholder_manifest,NOT_A_DIAGNOSIS
goat_0133,train,goat_0133.jpg,eye_discharge,rear,indoor,close,goat|eye_discharge,NEEDS_REAL_IMAGE_ANNOTATION,placeholder_manifest,NOT_A_DIAGNOSIS
goat_0134,train,goat_0134.jpg,healthy,side_right,indoor,medium,goat,NEEDS_REAL_IMAGE_ANNOTATION,placeholder_manifest,NOT_A_DIAGNOSIS
goat_0135,train,goat_0135.jpg,healthy,rear,outdoor,medium,goat,NEEDS_REAL_IMAGE_ANNOTATION,placeholder_manifest,NOT_A_DIAGNOSIS
goat_0136,train,goat_0136.jpg,healthy,front,low_light,close,goat,NEEDS_REAL_IMAGE_ANNOTATION,placeholder_manifest,NOT_A_DIAGNOSIS
goat_0137,train,goat_0137.jpg,abnormal_posture,front,outdoor,close,goat|abnormal_posture,NEEDS_REAL_IMAGE_ANNOTATION,placeholder_manifest,NOT_A_DIAGNOSIS
goat_0138,train,goat_0138.jpg,skin_lesion,front,good,close,goat|skin_lesion,NEEDS_REAL_IMAGE_ANNOTATION,placeholder_manifest,NOT_A_DIAGNOSIS
goat_0139,train,goat_0139.jpg,healthy,front,indoor,close,goat,NEEDS_REAL_IMAGE_ANNOTATION,placeholder_manifest,NOT_A_DIAGNOSIS
goat_0140,train,goat_0140.jpg,healthy,front,indoor,medium,goat,NEEDS_REAL_IMAGE_ANNOTATION,placeholder_manifest,NOT_A_DIAGNOSIS
goat_0141,train,goat_0141.jpg,skin_lesion,side_right,indoor,far,goat|skin_lesion,NEEDS_REAL_IMAGE_ANNOTATION,placeholder_manifest,NOT_A_DIAGNOSIS
goat_0142,train,goat_0142.jpg,nasal_discharge,front,indoor,medium,goat|nasal_discharge,NEEDS_REAL_IMAGE_ANNOTATION,placeholder_manifest,NOT_A_DIAGNOSIS
goat_0143,train,goat_0143.jpg,healthy,front,outdoor,far,goat,NEEDS_REAL_IMAGE_ANNOTATION,placeholder_manifest,NOT_A_DIAGNOSIS
goat_0144,train,goat_0144.jpg,skin_lesion,rear,low_light,far,goat|skin_lesion,NEEDS_REAL_IMAGE_ANNOTATION,placeholder_manifest,NOT_A_DIAGNOSIS
goat_0145,train,goat_0145.jpg,healthy,side_left,good,far,goat,NEEDS_REAL_IMAGE_ANNOTATION,placeholder_manifest,NOT_A_DIAGNOSIS
goat_0146,train,goat_0146.jpg,abnormal_posture,front,good,medium,goat|abnormal_posture,NEEDS_REAL_IMAGE_ANNOTATION,placeholder_manifest,NOT_A_DIAGNOSIS
goat_0147,train,goat_0147.jpg,nasal_discharge,side_right,good,far,goat|nasal_discharge,NEEDS_REAL_IMAGE_ANNOTATION,placeholder_manifest,NOT_A_DIAGNOSIS
goat_0148,train,goat_0148.jpg,skin_lesion,front,low_light,medium,goat|skin_lesion,NEEDS_REAL_IMAGE_ANNOTATION,placeholder_manifest,NOT_A_DIAGNOSIS
goat_0149,train,goat_0149.jpg,healthy,side_right,low_light,far,goat,NEEDS_REAL_IMAGE_ANNOTATION,placeholder_manifest,NOT_A_DIAGNOSIS
goat_0150,train,goat_0150.jpg,healthy,side_left,outdoor,far,goat,NEEDS_REAL_IMAGE_ANNOTATION,placeholder_manifest,NOT_A_DIAGNOSIS
goat_0151,train,goat_0151.jpg,abnormal_posture,rear,low_light,medium,goat|abnormal_posture,NEEDS_REAL_IMAGE_ANNOTATION,placeholder_manifest,NOT_A_DIAGNOSIS
goat_0152,train,goat_0152.jpg,abnormal_posture,side_right,outdoor,close,goat|abnormal_posture,NEEDS_REAL_IMAGE_ANNOTATION,placeholder_manifest,NOT_A_DIAGNOSIS
goat_0153,train,goat_0153.jpg,abnormal_posture,front,outdoor,medium,goat|abnormal_posture,NEEDS_REAL_IMAGE_ANNOTATION,placeholder_manifest,NOT_A_DIAGNOSIS
goat_0154,train,goat_0154.jpg,healthy,rear,low_light,medium,goat,NEEDS_REAL_IMAGE_ANNOTATION,placeholder_manifest,NOT_A_DIAGNOSIS
goat_0155,train,goat_0155.jpg,healthy,side_right,indoor,medium,goat,NEEDS_REAL_IMAGE_ANNOTATION,placeholder_manifest,NOT_A_DIAGNOSIS
goat_0156,train,goat_0156.jpg,healthy,side_right,outdoor,medium,goat,NEEDS_REAL_IMAGE_ANNOTATION,placeholder_manifest,NOT_A_DIAGNOSIS
goat_0157,train,goat_0157.jpg,possible_lameness,side_right,good,far,goat|possible_lameness,NEEDS_REAL_IMAGE_ANNOTATION,placeholder_manifest,NOT_A_DIAGNOSIS
goat_0158,train,goat_0158.jpg,multiple_visible_signs,front,indoor,far,goat|abnormal_posture|possible_lameness,NEEDS_REAL_IMAGE_ANNOTATION,placeholder_manifest,NOT_A_DIAGNOSIS
goat_0159,train,goat_0159.jpg,nasal_discharge,side_left,low_light,far,goat|nasal_discharge,NEEDS_REAL_IMAGE_ANNOTATION,placeholder_manifest,NOT_A_DIAGNOSIS
goat_0160,train,goat_0160.jpg,skin_lesion,rear,good,close,goat|skin_lesion,NEEDS_REAL_IMAGE_ANNOTATION,placeholder_manifest,NOT_A_DIAGNOSIS
goat_0161,train,goat_0161.jpg,healthy,rear,indoor,medium,goat,NEEDS_REAL_IMAGE_ANNOTATION,placeholder_manifest,NOT_A_DIAGNOSIS
goat_0162,train,goat_0162.jpg,skin_lesion,side_right,low_light,far,goat|skin_lesion,NEEDS_REAL_IMAGE_ANNOTATION,placeholder_manifest,NOT_A_DIAGNOSIS
goat_0163,train,goat_0163.jpg,nasal_discharge,rear,outdoor,medium,goat|nasal_discharge,NEEDS_REAL_IMAGE_ANNOTATION,placeholder_manifest,NOT_A_DIAGNOSIS
goat_0164,train,goat_0164.jpg,skin_lesion,side_right,outdoor,medium,goat|skin_lesion,NEEDS_REAL_IMAGE_ANNOTATION,placeholder_manifest,NOT_A_DIAGNOSIS
goat_0165,train,goat_0165.jpg,healthy,side_left,outdoor,close,goat,NEEDS_REAL_IMAGE_ANNOTATION,placeholder_manifest,NOT_A_DIAGNOSIS
goat_0166,train,goat_0166.jpg,abnormal_posture,side_left,indoor,close,goat|abnormal_posture,NEEDS_REAL_IMAGE_ANNOTATION,placeholder_manifest,NOT_A_DIAGNOSIS
goat_0167,train,goat_0167.jpg,skin_lesion,side_right,outdoor,close,goat|skin_lesion,NEEDS_REAL_IMAGE_ANNOTATION,placeholder_manifest,NOT_A_DIAGNOSIS
goat_0168,train,goat_0168.jpg,abnormal_posture,side_right,indoor,medium,goat|abnormal_posture,NEEDS_REAL_IMAGE_ANNOTATION,placeholder_manifest,NOT_A_DIAGNOSIS
goat_0169,train,goat_0169.jpg,healthy,front,indoor,medium,goat,NEEDS_REAL_IMAGE_ANNOTATION,placeholder_manifest,NOT_A_DIAGNOSIS
goat_0170,train,goat_0170.jpg,healthy,front,outdoor,far,goat,NEEDS_REAL_IMAGE_ANNOTATION,placeholder_manifest,NOT_A_DIAGNOSIS
goat_0171,train,goat_0171.jpg,multiple_visible_signs,rear,good,close,goat|possible_lameness|skin_lesion,NEEDS_REAL_IMAGE_ANNOTATION,placeholder_manifest,NOT_A_DIAGNOSIS
goat_0172,train,goat_0172.jpg,eye_discharge,rear,outdoor,close,goat|eye_discharge,NEEDS_REAL_IMAGE_ANNOTATION,placeholder_manifest,NOT_A_DIAGNOSIS
goat_0173,train,goat_0173.jpg,multiple_visible_signs,side_right,low_light,close,goat|eye_discharge|abnormal_posture,NEEDS_REAL_IMAGE_ANNOTATION,placeholder_manifest,NOT_A_DIAGNOSIS
goat_0174,train,goat_0174.jpg,eye_discharge,front,indoor,close,goat|eye_discharge,NEEDS_REAL_IMAGE_ANNOTATION,placeholder_manifest,NOT_A_DIAGNOSIS
goat_0175,train,goat_0175.jpg,abnormal_posture,side_right,good,close,goat|abnormal_posture,NEEDS_REAL_IMAGE_ANNOTATION,placeholder_manifest,NOT_A_DIAGNOSIS
goat_0176,train,goat_0176.jpg,healthy,rear,indoor,far,goat,NEEDS_REAL_IMAGE_ANNOTATION,placeholder_manifest,NOT_A_DIAGNOSIS
goat_0177,train,goat_0177.jpg,healthy,rear,outdoor,far,goat,NEEDS_REAL_IMAGE_ANNOTATION,placeholder_manifest,NOT_A_DIAGNOSIS
goat_0178,train,goat_0178.jpg,multiple_visible_signs,side_right,good,far,goat|eye_discharge|nasal_discharge,NEEDS_REAL_IMAGE_ANNOTATION,placeholder_manifest,NOT_A_DIAGNOSIS
goat_0179,train,goat_0179.jpg,skin_lesion,side_right,good,close,goat|skin_lesion,NEEDS_REAL_IMAGE_ANNOTATION,placeholder_manifest,NOT_A_DIAGNOSIS
goat_0180,train,goat_0180.jpg,healthy,front,indoor,close,goat,NEEDS_REAL_IMAGE_ANNOTATION,placeholder_manifest,NOT_A_DIAGNOSIS
goat_0181,train,goat_0181.jpg,eye_discharge,rear,outdoor,close,goat|eye_discharge,NEEDS_REAL_IMAGE_ANNOTATION,placeholder_manifest,NOT_A_DIAGNOSIS
goat_0182,train,goat_0182.jpg,healthy,side_right,low_light,close,goat,NEEDS_REAL_IMAGE_ANNOTATION,placeholder_manifest,NOT_A_DIAGNOSIS
goat_0183,train,goat_0183.jpg,skin_lesion,side_right,indoor,medium,goat|skin_lesion,NEEDS_REAL_IMAGE_ANNOTATION,placeholder_manifest,NOT_A_DIAGNOSIS
goat_0184,train,goat_0184.jpg,healthy,side_left,indoor,medium,goat,NEEDS_REAL_IMAGE_ANNOTATION,placeholder_manifest,NOT_A_DIAGNOSIS
goat_0185,train,goat_0185.jpg,abnormal_posture,front,good,close,goat|abnormal_posture,NEEDS_REAL_IMAGE_ANNOTATION,placeholder_manifest,NOT_A_DIAGNOSIS
goat_0186,train,goat_0186.jpg,abnormal_posture,side_right,low_light,close,goat|abnormal_posture,NEEDS_REAL_IMAGE_ANNOTATION,placeholder_manifest,NOT_A_DIAGNOSIS
goat_0187,train,goat_0187.jpg,eye_discharge,side_right,low_light,medium,goat|eye_discharge,NEEDS_REAL_IMAGE_ANNOTATION,placeholder_manifest,NOT_A_DIAGNOSIS
goat_0188,train,goat_0188.jpg,eye_discharge,rear,low_light,close,goat|eye_discharge,NEEDS_REAL_IMAGE_ANNOTATION,placeholder_manifest,NOT_A_DIAGNOSIS
goat_0189,train,goat_0189.jpg,nasal_discharge,rear,outdoor,far,goat|nasal_discharge,NEEDS_REAL_IMAGE_ANNOTATION,placeholder_manifest,NOT_A_DIAGNOSIS
goat_0190,train,goat_0190.jpg,healthy,front,indoor,far,goat,NEEDS_REAL_IMAGE_ANNOTATION,placeholder_manifest,NOT_A_DIAGNOSIS
goat_0191,train,goat_0191.jpg,abnormal_posture,front,outdoor,far,goat|abnormal_posture,NEEDS_REAL_IMAGE_ANNOTATION,placeholder_manifest,NOT_A_DIAGNOSIS
goat_0192,train,goat_0192.jpg,healthy,side_left,low_light,far,goat,NEEDS_REAL_IMAGE_ANNOTATION,placeholder_manifest,NOT_A_DIAGNOSIS
goat_0193,train,goat_0193.jpg,skin_lesion,side_right,indoor,far,goat|skin_lesion,NEEDS_REAL_IMAGE_ANNOTATION,placeholder_manifest,NOT_A_DIAGNOSIS
goat_0194,train,goat_0194.jpg,eye_discharge,rear,good,medium,goat|eye_discharge,NEEDS_REAL_IMAGE_ANNOTATION,placeholder_manifest,NOT_A_DIAGNOSIS
goat_0195,train,goat_0195.jpg,healthy,side_right,outdoor,far,goat,NEEDS_REAL_IMAGE_ANNOTATION,placeholder_manifest,NOT_A_DIAGNOSIS
goat_0196,train,goat_0196.jpg,healthy,side_left,outdoor,medium,goat,NEEDS_REAL_IMAGE_ANNOTATION,placeholder_manifest,NOT_A_DIAGNOSIS
goat_0197,train,goat_0197.jpg,skin_lesion,side_right,low_light,far,goat|skin_lesion,NEEDS_REAL_IMAGE_ANNOTATION,placeholder_manifest,NOT_A_DIAGNOSIS
goat_0198,train,goat_0198.jpg,healthy,front,outdoor,medium,goat,NEEDS_REAL_IMAGE_ANNOTATION,placeholder_manifest,NOT_A_DIAGNOSIS
goat_0199,train,goat_0199.jpg,healthy,rear,good,far,goat,NEEDS_REAL_IMAGE_ANNOTATION,placeholder_manifest,NOT_A_DIAGNOSIS
goat_0200,train,goat_0200.jpg,possible_lameness,rear,low_light,close,goat|possible_lameness,NEEDS_REAL_IMAGE_ANNOTATION,placeholder_manifest,NOT_A_DIAGNOSIS
goat_0201,train,goat_0201.jpg,healthy,side_right,low_light,far,goat,NEEDS_REAL_IMAGE_ANNOTATION,placeholder_manifest,NOT_A_DIAGNOSIS
goat_0202,train,goat_0202.jpg,eye_discharge,front,indoor,medium,goat|eye_discharge,NEEDS_REAL_IMAGE_ANNOTATION,placeholder_manifest,NOT_A_DIAGNOSIS
goat_0203,train,goat_0203.jpg,nasal_discharge,side_right,low_light,far,goat|nasal_discharge,NEEDS_REAL_IMAGE_ANNOTATION,placeholder_manifest,NOT_A_DIAGNOSIS
goat_0204,train,goat_0204.jpg,eye_discharge,front,indoor,far,goat|eye_discharge,NEEDS_REAL_IMAGE_ANNOTATION,placeholder_manifest,NOT_A_DIAGNOSIS
goat_0205,train,goat_0205.jpg,healthy,front,low_light,close,goat,NEEDS_REAL_IMAGE_ANNOTATION,placeholder_manifest,NOT_A_DIAGNOSIS
goat_0206,train,goat_0206.jpg,healthy,front,low_light,close,goat,NEEDS_REAL_IMAGE_ANNOTATION,placeholder_manifest,NOT_A_DIAGNOSIS
goat_0207,train,goat_0207.jpg,skin_lesion,side_left,low_light,far,goat|skin_lesion,NEEDS_REAL_IMAGE_ANNOTATION,placeholder_manifest,NOT_A_DIAGNOSIS
goat_0208,train,goat_0208.jpg,healthy,side_right,low_light,medium,goat,NEEDS_REAL_IMAGE_ANNOTATION,placeholder_manifest,NOT_A_DIAGNOSIS
goat_0209,train,goat_0209.jpg,multiple_visible_signs,side_left,low_light,far,goat|nasal_discharge|abnormal_posture,NEEDS_REAL_IMAGE_ANNOTATION,placeholder_manifest,NOT_A_DIAGNOSIS
goat_0210,train,goat_0210.jpg,healthy,side_left,good,medium,goat,NEEDS_REAL_IMAGE_ANNOTATION,placeholder_manifest,NOT_A_DIAGNOSIS
goat_0211,train,goat_0211.jpg,abnormal_posture,rear,outdoor,far,goat|abnormal_posture,NEEDS_REAL_IMAGE_ANNOTATION,placeholder_manifest,NOT_A_DIAGNOSIS
goat_0212,train,goat_0212.jpg,healthy,front,outdoor,far,goat,NEEDS_REAL_IMAGE_ANNOTATION,placeholder_manifest,NOT_A_DIAGNOSIS
goat_0213,train,goat_0213.jpg,healthy,rear,indoor,medium,goat,NEEDS_REAL_IMAGE_ANNOTATION,placeholder_manifest,NOT_A_DIAGNOSIS
goat_0214,train,goat_0214.jpg,nasal_discharge,side_right,outdoor,far,goat|nasal_discharge,NEEDS_REAL_IMAGE_ANNOTATION,placeholder_manifest,NOT_A_DIAGNOSIS
goat_0215,train,goat_0215.jpg,abnormal_posture,rear,low_light,medium,goat|abnormal_posture,NEEDS_REAL_IMAGE_ANNOTATION,placeholder_manifest,NOT_A_DIAGNOSIS
goat_0216,train,goat_0216.jpg,possible_lameness,side_left,low_light,close,goat|possible_lameness,NEEDS_REAL_IMAGE_ANNOTATION,placeholder_manifest,NOT_A_DIAGNOSIS
goat_0217,train,goat_0217.jpg,possible_lameness,rear,good,medium,goat|possible_lameness,NEEDS_REAL_IMAGE_ANNOTATION,placeholder_manifest,NOT_A_DIAGNOSIS
goat_0218,train,goat_0218.jpg,abnormal_posture,rear,low_light,far,goat|abnormal_posture,NEEDS_REAL_IMAGE_ANNOTATION,placeholder_manifest,NOT_A_DIAGNOSIS
goat_0219,train,goat_0219.jpg,abnormal_posture,side_left,low_light,close,goat|abnormal_posture,NEEDS_REAL_IMAGE_ANNOTATION,placeholder_manifest,NOT_A_DIAGNOSIS
goat_0220,train,goat_0220.jpg,healthy,side_right,good,medium,goat,NEEDS_REAL_IMAGE_ANNOTATION,placeholder_manifest,NOT_A_DIAGNOSIS
goat_0221,train,goat_0221.jpg,healthy,rear,good,far,goat,NEEDS_REAL_IMAGE_ANNOTATION,placeholder_manifest,NOT_A_DIAGNOSIS
goat_0222,train,goat_0222.jpg,healthy,side_left,good,medium,goat,NEEDS_REAL_IMAGE_ANNOTATION,placeholder_manifest,NOT_A_DIAGNOSIS
goat_0223,train,goat_0223.jpg,abnormal_posture,side_right,outdoor,far,goat|abnormal_posture,NEEDS_REAL_IMAGE_ANNOTATION,placeholder_manifest,NOT_A_DIAGNOSIS
goat_0224,train,goat_0224.jpg,skin_lesion,front,outdoor,far,goat|skin_lesion,NEEDS_REAL_IMAGE_ANNOTATION,placeholder_manifest,NOT_A_DIAGNOSIS
goat_0225,train,goat_0225.jpg,possible_lameness,rear,outdoor,far,goat|possible_lameness,NEEDS_REAL_IMAGE_ANNOTATION,placeholder_manifest,NOT_A_DIAGNOSIS
goat_0226,train,goat_0226.jpg,skin_lesion,rear,good,far,goat|skin_lesion,NEEDS_REAL_IMAGE_ANNOTATION,placeholder_manifest,NOT_A_DIAGNOSIS
goat_0227,train,goat_0227.jpg,healthy,side_right,indoor,far,goat,NEEDS_REAL_IMAGE_ANNOTATION,placeholder_manifest,NOT_A_DIAGNOSIS
goat_0228,train,goat_0228.jpg,healthy,front,good,medium,goat,NEEDS_REAL_IMAGE_ANNOTATION,placeholder_manifest,NOT_A_DIAGNOSIS
goat_0229,train,goat_0229.jpg,healthy,side_right,good,close,goat,NEEDS_REAL_IMAGE_ANNOTATION,placeholder_manifest,NOT_A_DIAGNOSIS
goat_0230,train,goat_0230.jpg,healthy,front,outdoor,medium,goat,NEEDS_REAL_IMAGE_ANNOTATION,placeholder_manifest,NOT_A_DIAGNOSIS
goat_0231,train,goat_0231.jpg,healthy,side_left,indoor,far,goat,NEEDS_REAL_IMAGE_ANNOTATION,placeholder_manifest,NOT_A_DIAGNOSIS
goat_0232,train,goat_0232.jpg,eye_discharge,side_left,indoor,close,goat|eye_discharge,NEEDS_REAL_IMAGE_ANNOTATION,placeholder_manifest,NOT_A_DIAGNOSIS
goat_0233,train,goat_0233.jpg,healthy,rear,indoor,medium,goat,NEEDS_REAL_IMAGE_ANNOTATION,placeholder_manifest,NOT_A_DIAGNOSIS
goat_0234,train,goat_0234.jpg,possible_lameness,side_left,indoor,medium,goat|possible_lameness,NEEDS_REAL_IMAGE_ANNOTATION,placeholder_manifest,NOT_A_DIAGNOSIS
goat_0235,train,goat_0235.jpg,skin_lesion,rear,outdoor,far,goat|skin_lesion,NEEDS_REAL_IMAGE_ANNOTATION,placeholder_manifest,NOT_A_DIAGNOSIS
goat_0236,train,goat_0236.jpg,healthy,rear,outdoor,far,goat,NEEDS_REAL_IMAGE_ANNOTATION,placeholder_manifest,NOT_A_DIAGNOSIS
goat_0237,train,goat_0237.jpg,nasal_discharge,front,low_light,medium,goat|nasal_discharge,NEEDS_REAL_IMAGE_ANNOTATION,placeholder_manifest,NOT_A_DIAGNOSIS
goat_0238,train,goat_0238.jpg,multiple_visible_signs,side_right,low_light,far,goat|skin_lesion|abnormal_posture,NEEDS_REAL_IMAGE_ANNOTATION,placeholder_manifest,NOT_A_DIAGNOSIS
goat_0239,train,goat_0239.jpg,possible_lameness,side_left,low_light,medium,goat|possible_lameness,NEEDS_REAL_IMAGE_ANNOTATION,placeholder_manifest,NOT_A_DIAGNOSIS
goat_0240,train,goat_0240.jpg,healthy,rear,outdoor,far,goat,NEEDS_REAL_IMAGE_ANNOTATION,placeholder_manifest,NOT_A_DIAGNOSIS
goat_0241,train,goat_0241.jpg,healthy,side_right,good,far,goat,NEEDS_REAL_IMAGE_ANNOTATION,placeholder_manifest,NOT_A_DIAGNOSIS
goat_0242,train,goat_0242.jpg,healthy,front,good,far,goat,NEEDS_REAL_IMAGE_ANNOTATION,placeholder_manifest,NOT_A_DIAGNOSIS
goat_0243,train,goat_0243.jpg,abnormal_posture,side_right,indoor,far,goat|abnormal_posture,NEEDS_REAL_IMAGE_ANNOTATION,placeholder_manifest,NOT_A_DIAGNOSIS
goat_0244,train,goat_0244.jpg,abnormal_posture,side_left,indoor,far,goat|abnormal_posture,NEEDS_REAL_IMAGE_ANNOTATION,placeholder_manifest,NOT_A_DIAGNOSIS
goat_0245,train,goat_0245.jpg,healthy,side_left,good,far,goat,NEEDS_REAL_IMAGE_ANNOTATION,placeholder_manifest,NOT_A_DIAGNOSIS
goat_0246,train,goat_0246.jpg,skin_lesion,side_right,low_light,close,goat|skin_lesion,NEEDS_REAL_IMAGE_ANNOTATION,placeholder_manifest,NOT_A_DIAGNOSIS
goat_0247,train,goat_0247.jpg,nasal_discharge,side_left,good,medium,goat|nasal_discharge,NEEDS_REAL_IMAGE_ANNOTATION,placeholder_manifest,NOT_A_DIAGNOSIS
goat_0248,train,goat_0248.jpg,healthy,rear,indoor,close,goat,NEEDS_REAL_IMAGE_ANNOTATION,placeholder_manifest,NOT_A_DIAGNOSIS
goat_0249,train,goat_0249.jpg,healthy,side_right,outdoor,close,goat,NEEDS_REAL_IMAGE_ANNOTATION,placeholder_manifest,NOT_A_DIAGNOSIS
goat_0250,train,goat_0250.jpg,healthy,rear,outdoor,far,goat,NEEDS_REAL_IMAGE_ANNOTATION,placeholder_manifest,NOT_A_DIAGNOSIS
goat_0251,train,goat_0251.jpg,possible_lameness,front,low_light,close,goat|possible_lameness,NEEDS_REAL_IMAGE_ANNOTATION,placeholder_manifest,NOT_A_DIAGNOSIS
goat_0252,train,goat_0252.jpg,healthy,side_left,low_light,far,goat,NEEDS_REAL_IMAGE_ANNOTATION,placeholder_manifest,NOT_A_DIAGNOSIS
goat_0253,train,goat_0253.jpg,healthy,rear,good,medium,goat,NEEDS_REAL_IMAGE_ANNOTATION,placeholder_manifest,NOT_A_DIAGNOSIS
goat_0254,train,goat_0254.jpg,nasal_discharge,rear,outdoor,far,goat|nasal_discharge,NEEDS_REAL_IMAGE_ANNOTATION,placeholder_manifest,NOT_A_DIAGNOSIS
goat_0255,train,goat_0255.jpg,abnormal_posture,side_right,low_light,far,goat|abnormal_posture,NEEDS_REAL_IMAGE_ANNOTATION,placeholder_manifest,NOT_A_DIAGNOSIS
goat_0256,train,goat_0256.jpg,multiple_visible_signs,front,indoor,medium,goat|eye_discharge|skin_lesion,NEEDS_REAL_IMAGE_ANNOTATION,placeholder_manifest,NOT_A_DIAGNOSIS
goat_0257,train,goat_0257.jpg,possible_lameness,side_left,good,far,goat|possible_lameness,NEEDS_REAL_IMAGE_ANNOTATION,placeholder_manifest,NOT_A_DIAGNOSIS
goat_0258,train,goat_0258.jpg,abnormal_posture,side_right,low_light,close,goat|abnormal_posture,NEEDS_REAL_IMAGE_ANNOTATION,placeholder_manifest,NOT_A_DIAGNOSIS
goat_0259,train,goat_0259.jpg,healthy,front,outdoor,medium,goat,NEEDS_REAL_IMAGE_ANNOTATION,placeholder_manifest,NOT_A_DIAGNOSIS
goat_0260,train,goat_0260.jpg,healthy,side_left,indoor,medium,goat,NEEDS_REAL_IMAGE_ANNOTATION,placeholder_manifest,NOT_A_DIAGNOSIS
goat_0261,train,goat_0261.jpg,eye_discharge,rear,indoor,medium,goat|eye_discharge,NEEDS_REAL_IMAGE_ANNOTATION,placeholder_manifest,NOT_A_DIAGNOSIS
goat_0262,train,goat_0262.jpg,skin_lesion,rear,low_light,medium,goat|skin_lesion,NEEDS_REAL_IMAGE_ANNOTATION,placeholder_manifest,NOT_A_DIAGNOSIS
goat_0263,train,goat_0263.jpg,healthy,side_right,indoor,medium,goat,NEEDS_REAL_IMAGE_ANNOTATION,placeholder_manifest,NOT_A_DIAGNOSIS
goat_0264,train,goat_0264.jpg,eye_discharge,side_left,outdoor,close,goat|eye_discharge,NEEDS_REAL_IMAGE_ANNOTATION,placeholder_manifest,NOT_A_DIAGNOSIS
goat_0265,train,goat_0265.jpg,multiple_visible_signs,side_right,outdoor,close,goat|abnormal_posture|skin_lesion,NEEDS_REAL_IMAGE_ANNOTATION,placeholder_manifest,NOT_A_DIAGNOSIS
goat_0266,train,goat_0266.jpg,healthy,front,low_light,close,goat,NEEDS_REAL_IMAGE_ANNOTATION,placeholder_manifest,NOT_A_DIAGNOSIS
goat_0267,train,goat_0267.jpg,skin_lesion,front,good,medium,goat|skin_lesion,NEEDS_REAL_IMAGE_ANNOTATION,placeholder_manifest,NOT_A_DIAGNOSIS
goat_0268,train,goat_0268.jpg,healthy,side_left,indoor,close,goat,NEEDS_REAL_IMAGE_ANNOTATION,placeholder_manifest,NOT_A_DIAGNOSIS
goat_0269,train,goat_0269.jpg,abnormal_posture,side_left,indoor,close,goat|abnormal_posture,NEEDS_REAL_IMAGE_ANNOTATION,placeholder_manifest,NOT_A_DIAGNOSIS
goat_0270,train,goat_0270.jpg,healthy,side_left,good,medium,goat,NEEDS_REAL_IMAGE_ANNOTATION,placeholder_manifest,NOT_A_DIAGNOSIS
goat_0271,train,goat_0271.jpg,possible_lameness,side_left,indoor,far,goat|possible_lameness,NEEDS_REAL_IMAGE_ANNOTATION,placeholder_manifest,NOT_A_DIAGNOSIS
goat_0272,train,goat_0272.jpg,healthy,side_left,good,far,goat,NEEDS_REAL_IMAGE_ANNOTATION,placeholder_manifest,NOT_A_DIAGNOSIS
goat_0273,train,goat_0273.jpg,possible_lameness,side_left,good,medium,goat|possible_lameness,NEEDS_REAL_IMAGE_ANNOTATION,placeholder_manifest,NOT_A_DIAGNOSIS
goat_0274,train,goat_0274.jpg,abnormal_posture,side_left,outdoor,close,goat|abnormal_posture,NEEDS_REAL_IMAGE_ANNOTATION,placeholder_manifest,NOT_A_DIAGNOSIS
goat_0275,train,goat_0275.jpg,healthy,front,indoor,far,goat,NEEDS_REAL_IMAGE_ANNOTATION,placeholder_manifest,NOT_A_DIAGNOSIS
goat_0276,train,goat_0276.jpg,eye_discharge,front,good,medium,goat|eye_discharge,NEEDS_REAL_IMAGE_ANNOTATION,placeholder_manifest,NOT_A_DIAGNOSIS
goat_0277,train,goat_0277.jpg,eye_discharge,side_right,good,medium,goat|eye_discharge,NEEDS_REAL_IMAGE_ANNOTATION,placeholder_manifest,NOT_A_DIAGNOSIS
goat_0278,train,goat_0278.jpg,eye_discharge,front,outdoor,medium,goat|eye_discharge,NEEDS_REAL_IMAGE_ANNOTATION,placeholder_manifest,NOT_A_DIAGNOSIS
goat_0279,train,goat_0279.jpg,skin_lesion,front,good,medium,goat|skin_lesion,NEEDS_REAL_IMAGE_ANNOTATION,placeholder_manifest,NOT_A_DIAGNOSIS
goat_0280,train,goat_0280.jpg,possible_lameness,rear,good,medium,goat|possible_lameness,NEEDS_REAL_IMAGE_ANNOTATION,placeholder_manifest,NOT_A_DIAGNOSIS
goat_0281,train,goat_0281.jpg,skin_lesion,rear,good,close,goat|skin_lesion,NEEDS_REAL_IMAGE_ANNOTATION,placeholder_manifest,NOT_A_DIAGNOSIS
goat_0282,train,goat_0282.jpg,healthy,side_left,good,close,goat,NEEDS_REAL_IMAGE_ANNOTATION,placeholder_manifest,NOT_A_DIAGNOSIS
goat_0283,train,goat_0283.jpg,healthy,side_right,low_light,far,goat,NEEDS_REAL_IMAGE_ANNOTATION,placeholder_manifest,NOT_A_DIAGNOSIS
goat_0284,train,goat_0284.jpg,nasal_discharge,rear,low_light,close,goat|nasal_discharge,NEEDS_REAL_IMAGE_ANNOTATION,placeholder_manifest,NOT_A_DIAGNOSIS
goat_0285,train,goat_0285.jpg,abnormal_posture,front,indoor,medium,goat|abnormal_posture,NEEDS_REAL_IMAGE_ANNOTATION,placeholder_manifest,NOT_A_DIAGNOSIS
goat_0286,train,goat_0286.jpg,eye_discharge,side_left,low_light,medium,goat|eye_discharge,NEEDS_REAL_IMAGE_ANNOTATION,placeholder_manifest,NOT_A_DIAGNOSIS
goat_0287,train,goat_0287.jpg,abnormal_posture,rear,low_light,far,goat|abnormal_posture,NEEDS_REAL_IMAGE_ANNOTATION,placeholder_manifest,NOT_A_DIAGNOSIS
goat_0288,train,goat_0288.jpg,healthy,rear,outdoor,far,goat,NEEDS_REAL_IMAGE_ANNOTATION,placeholder_manifest,NOT_A_DIAGNOSIS
goat_0289,train,goat_0289.jpg,healthy,side_left,low_light,close,goat,NEEDS_REAL_IMAGE_ANNOTATION,placeholder_manifest,NOT_A_DIAGNOSIS
goat_0290,train,goat_0290.jpg,healthy,front,good,medium,goat,NEEDS_REAL_IMAGE_ANNOTATION,placeholder_manifest,NOT_A_DIAGNOSIS
goat_0291,train,goat_0291.jpg,healthy,side_right,indoor,far,goat,NEEDS_REAL_IMAGE_ANNOTATION,placeholder_manifest,NOT_A_DIAGNOSIS
goat_0292,train,goat_0292.jpg,healthy,side_right,good,medium,goat,NEEDS_REAL_IMAGE_ANNOTATION,placeholder_manifest,NOT_A_DIAGNOSIS
goat_0293,train,goat_0293.jpg,healthy,rear,good,medium,goat,NEEDS_REAL_IMAGE_ANNOTATION,placeholder_manifest,NOT_A_DIAGNOSIS
goat_0294,train,goat_0294.jpg,nasal_discharge,side_right,good,far,goat|nasal_discharge,NEEDS_REAL_IMAGE_ANNOTATION,placeholder_manifest,NOT_A_DIAGNOSIS
goat_0295,train,goat_0295.jpg,eye_discharge,side_left,low_light,close,goat|eye_discharge,NEEDS_REAL_IMAGE_ANNOTATION,placeholder_manifest,NOT_A_DIAGNOSIS
goat_0296,train,goat_0296.jpg,possible_lameness,side_right,outdoor,close,goat|possible_lameness,NEEDS_REAL_IMAGE_ANNOTATION,placeholder_manifest,NOT_A_DIAGNOSIS
goat_0297,train,goat_0297.jpg,abnormal_posture,side_left,low_light,far,goat|abnormal_posture,NEEDS_REAL_IMAGE_ANNOTATION,placeholder_manifest,NOT_A_DIAGNOSIS
goat_0298,train,goat_0298.jpg,multiple_visible_signs,front,outdoor,close,goat|nasal_discharge|skin_lesion,NEEDS_REAL_IMAGE_ANNOTATION,placeholder_manifest,NOT_A_DIAGNOSIS
goat_0299,train,goat_0299.jpg,skin_lesion,side_right,outdoor,medium,goat|skin_lesion,NEEDS_REAL_IMAGE_ANNOTATION,placeholder_manifest,NOT_A_DIAGNOSIS
goat_0300,train,goat_0300.jpg,healthy,side_left,low_light,close,goat,NEEDS_REAL_IMAGE_ANNOTATION,placeholder_manifest,NOT_A_DIAGNOSIS
goat_0301,train,goat_0301.jpg,healthy,front,good,far,goat,NEEDS_REAL_IMAGE_ANNOTATION,placeholder_manifest,NOT_A_DIAGNOSIS
goat_0302,train,goat_0302.jpg,nasal_discharge,rear,low_light,medium,goat|nasal_discharge,NEEDS_REAL_IMAGE_ANNOTATION,placeholder_manifest,NOT_A_DIAGNOSIS
goat_0303,train,goat_0303.jpg,healthy,side_right,outdoor,far,goat,NEEDS_REAL_IMAGE_ANNOTATION,placeholder_manifest,NOT_A_DIAGNOSIS
goat_0304,train,goat_0304.jpg,healthy,front,good,close,goat,NEEDS_REAL_IMAGE_ANNOTATION,placeholder_manifest,NOT_A_DIAGNOSIS
goat_0305,train,goat_0305.jpg,healthy,front,good,medium,goat,NEEDS_REAL_IMAGE_ANNOTATION,placeholder_manifest,NOT_A_DIAGNOSIS
goat_0306,train,goat_0306.jpg,eye_discharge,rear,low_light,far,goat|eye_discharge,NEEDS_REAL_IMAGE_ANNOTATION,placeholder_manifest,NOT_A_DIAGNOSIS
goat_0307,train,goat_0307.jpg,eye_discharge,side_right,indoor,far,goat|eye_discharge,NEEDS_REAL_IMAGE_ANNOTATION,placeholder_manifest,NOT_A_DIAGNOSIS
goat_0308,train,goat_0308.jpg,healthy,rear,good,medium,goat,NEEDS_REAL_IMAGE_ANNOTATION,placeholder_manifest,NOT_A_DIAGNOSIS
goat_0309,train,goat_0309.jpg,skin_lesion,rear,outdoor,close,goat|skin_lesion,NEEDS_REAL_IMAGE_ANNOTATION,placeholder_manifest,NOT_A_DIAGNOSIS
goat_0310,train,goat_0310.jpg,healthy,front,good,close,goat,NEEDS_REAL_IMAGE_ANNOTATION,placeholder_manifest,NOT_A_DIAGNOSIS
goat_0311,train,goat_0311.jpg,healthy,side_left,indoor,medium,goat,NEEDS_REAL_IMAGE_ANNOTATION,placeholder_manifest,NOT_A_DIAGNOSIS
goat_0312,train,goat_0312.jpg,healthy,front,good,medium,goat,NEEDS_REAL_IMAGE_ANNOTATION,placeholder_manifest,NOT_A_DIAGNOSIS
goat_0313,train,goat_0313.jpg,abnormal_posture,side_left,indoor,medium,goat|abnormal_posture,NEEDS_REAL_IMAGE_ANNOTATION,placeholder_manifest,NOT_A_DIAGNOSIS
goat_0314,train,goat_0314.jpg,nasal_discharge,side_left,outdoor,close,goat|nasal_discharge,NEEDS_REAL_IMAGE_ANNOTATION,placeholder_manifest,NOT_A_DIAGNOSIS
goat_0315,train,goat_0315.jpg,healthy,front,low_light,close,goat,NEEDS_REAL_IMAGE_ANNOTATION,placeholder_manifest,NOT_A_DIAGNOSIS
goat_0316,train,goat_0316.jpg,eye_discharge,front,outdoor,far,goat|eye_discharge,NEEDS_REAL_IMAGE_ANNOTATION,placeholder_manifest,NOT_A_DIAGNOSIS
goat_0317,train,goat_0317.jpg,eye_discharge,rear,low_light,medium,goat|eye_discharge,NEEDS_REAL_IMAGE_ANNOTATION,placeholder_manifest,NOT_A_DIAGNOSIS
goat_0318,train,goat_0318.jpg,healthy,front,outdoor,close,goat,NEEDS_REAL_IMAGE_ANNOTATION,placeholder_manifest,NOT_A_DIAGNOSIS
goat_0319,train,goat_0319.jpg,abnormal_posture,rear,outdoor,close,goat|abnormal_posture,NEEDS_REAL_IMAGE_ANNOTATION,placeholder_manifest,NOT_A_DIAGNOSIS
goat_0320,train,goat_0320.jpg,eye_discharge,front,indoor,medium,goat|eye_discharge,NEEDS_REAL_IMAGE_ANNOTATION,placeholder_manifest,NOT_A_DIAGNOSIS
goat_0321,train,goat_0321.jpg,nasal_discharge,front,low_light,medium,goat|nasal_discharge,NEEDS_REAL_IMAGE_ANNOTATION,placeholder_manifest,NOT_A_DIAGNOSIS
goat_0322,train,goat_0322.jpg,abnormal_posture,side_left,outdoor,close,goat|abnormal_posture,NEEDS_REAL_IMAGE_ANNOTATION,placeholder_manifest,NOT_A_DIAGNOSIS
goat_0323,train,goat_0323.jpg,healthy,front,indoor,medium,goat,NEEDS_REAL_IMAGE_ANNOTATION,placeholder_manifest,NOT_A_DIAGNOSIS
goat_0324,train,goat_0324.jpg,healthy,side_left,indoor,close,goat,NEEDS_REAL_IMAGE_ANNOTATION,placeholder_manifest,NOT_A_DIAGNOSIS
goat_0325,train,goat_0325.jpg,healthy,side_left,indoor,far,goat,NEEDS_REAL_IMAGE_ANNOTATION,placeholder_manifest,NOT_A_DIAGNOSIS
goat_0326,train,goat_0326.jpg,healthy,front,indoor,far,goat,NEEDS_REAL_IMAGE_ANNOTATION,placeholder_manifest,NOT_A_DIAGNOSIS
goat_0327,train,goat_0327.jpg,eye_discharge,rear,outdoor,far,goat|eye_discharge,NEEDS_REAL_IMAGE_ANNOTATION,placeholder_manifest,NOT_A_DIAGNOSIS
goat_0328,train,goat_0328.jpg,healthy,rear,good,medium,goat,NEEDS_REAL_IMAGE_ANNOTATION,placeholder_manifest,NOT_A_DIAGNOSIS
goat_0329,train,goat_0329.jpg,eye_discharge,side_right,outdoor,far,goat|eye_discharge,NEEDS_REAL_IMAGE_ANNOTATION,placeholder_manifest,NOT_A_DIAGNOSIS
goat_0330,train,goat_0330.jpg,healthy,front,outdoor,medium,goat,NEEDS_REAL_IMAGE_ANNOTATION,placeholder_manifest,NOT_A_DIAGNOSIS
goat_0331,train,goat_0331.jpg,eye_discharge,front,outdoor,medium,goat|eye_discharge,NEEDS_REAL_IMAGE_ANNOTATION,placeholder_manifest,NOT_A_DIAGNOSIS
goat_0332,train,goat_0332.jpg,healthy,front,low_light,medium,goat,NEEDS_REAL_IMAGE_ANNOTATION,placeholder_manifest,NOT_A_DIAGNOSIS
goat_0333,train,goat_0333.jpg,nasal_discharge,front,low_light,far,goat|nasal_discharge,NEEDS_REAL_IMAGE_ANNOTATION,placeholder_manifest,NOT_A_DIAGNOSIS
goat_0334,train,goat_0334.jpg,skin_lesion,side_right,low_light,far,goat|skin_lesion,NEEDS_REAL_IMAGE_ANNOTATION,placeholder_manifest,NOT_A_DIAGNOSIS
goat_0335,train,goat_0335.jpg,healthy,front,low_light,close,goat,NEEDS_REAL_IMAGE_ANNOTATION,placeholder_manifest,NOT_A_DIAGNOSIS
goat_0336,train,goat_0336.jpg,abnormal_posture,side_right,good,far,goat|abnormal_posture,NEEDS_REAL_IMAGE_ANNOTATION,placeholder_manifest,NOT_A_DIAGNOSIS
goat_0337,train,goat_0337.jpg,skin_lesion,front,indoor,far,goat|skin_lesion,NEEDS_REAL_IMAGE_ANNOTATION,placeholder_manifest,NOT_A_DIAGNOSIS
goat_0338,train,goat_0338.jpg,eye_discharge,rear,indoor,medium,goat|eye_discharge,NEEDS_REAL_IMAGE_ANNOTATION,placeholder_manifest,NOT_A_DIAGNOSIS
goat_0339,train,goat_0339.jpg,healthy,side_right,low_light,medium,goat,NEEDS_REAL_IMAGE_ANNOTATION,placeholder_manifest,NOT_A_DIAGNOSIS
goat_0340,train,goat_0340.jpg,abnormal_posture,front,outdoor,close,goat|abnormal_posture,NEEDS_REAL_IMAGE_ANNOTATION,placeholder_manifest,NOT_A_DIAGNOSIS
goat_0341,train,goat_0341.jpg,healthy,rear,outdoor,medium,goat,NEEDS_REAL_IMAGE_ANNOTATION,placeholder_manifest,NOT_A_DIAGNOSIS
goat_0342,train,goat_0342.jpg,skin_lesion,side_left,outdoor,close,goat|skin_lesion,NEEDS_REAL_IMAGE_ANNOTATION,placeholder_manifest,NOT_A_DIAGNOSIS
goat_0343,train,goat_0343.jpg,nasal_discharge,side_left,outdoor,medium,goat|nasal_discharge,NEEDS_REAL_IMAGE_ANNOTATION,placeholder_manifest,NOT_A_DIAGNOSIS
goat_0344,train,goat_0344.jpg,multiple_visible_signs,rear,indoor,far,goat|eye_discharge|skin_lesion,NEEDS_REAL_IMAGE_ANNOTATION,placeholder_manifest,NOT_A_DIAGNOSIS
goat_0345,train,goat_0345.jpg,nasal_discharge,side_right,indoor,far,goat|nasal_discharge,NEEDS_REAL_IMAGE_ANNOTATION,placeholder_manifest,NOT_A_DIAGNOSIS
goat_0346,train,goat_0346.jpg,skin_lesion,front,low_light,far,goat|skin_lesion,NEEDS_REAL_IMAGE_ANNOTATION,placeholder_manifest,NOT_A_DIAGNOSIS
goat_0347,train,goat_0347.jpg,healthy,side_right,outdoor,close,goat,NEEDS_REAL_IMAGE_ANNOTATION,placeholder_manifest,NOT_A_DIAGNOSIS
goat_0348,train,goat_0348.jpg,multiple_visible_signs,side_right,low_light,close,goat|nasal_discharge|possible_lameness,NEEDS_REAL_IMAGE_ANNOTATION,placeholder_manifest,NOT_A_DIAGNOSIS
goat_0349,train,goat_0349.jpg,healthy,side_right,good,far,goat,NEEDS_REAL_IMAGE_ANNOTATION,placeholder_manifest,NOT_A_DIAGNOSIS
goat_0350,train,goat_0350.jpg,abnormal_posture,front,outdoor,far,goat|abnormal_posture,NEEDS_REAL_IMAGE_ANNOTATION,placeholder_manifest,NOT_A_DIAGNOSIS
goat_0351,train,goat_0351.jpg,healthy,rear,indoor,close,goat,NEEDS_REAL_IMAGE_ANNOTATION,placeholder_manifest,NOT_A_DIAGNOSIS
goat_0352,train,goat_0352.jpg,healthy,side_left,low_light,close,goat,NEEDS_REAL_IMAGE_ANNOTATION,placeholder_manifest,NOT_A_DIAGNOSIS
goat_0353,train,goat_0353.jpg,eye_discharge,side_left,low_light,far,goat|eye_discharge,NEEDS_REAL_IMAGE_ANNOTATION,placeholder_manifest,NOT_A_DIAGNOSIS
goat_0354,train,goat_0354.jpg,healthy,rear,indoor,far,goat,NEEDS_REAL_IMAGE_ANNOTATION,placeholder_manifest,NOT_A_DIAGNOSIS
goat_0355,train,goat_0355.jpg,healthy,rear,indoor,medium,goat,NEEDS_REAL_IMAGE_ANNOTATION,placeholder_manifest,NOT_A_DIAGNOSIS
goat_0356,train,goat_0356.jpg,skin_lesion,rear,low_light,medium,goat|skin_lesion,NEEDS_REAL_IMAGE_ANNOTATION,placeholder_manifest,NOT_A_DIAGNOSIS
goat_0357,train,goat_0357.jpg,abnormal_posture,rear,indoor,close,goat|abnormal_posture,NEEDS_REAL_IMAGE_ANNOTATION,placeholder_manifest,NOT_A_DIAGNOSIS
goat_0358,train,goat_0358.jpg,abnormal_posture,side_left,outdoor,close,goat|abnormal_posture,NEEDS_REAL_IMAGE_ANNOTATION,placeholder_manifest,NOT_A_DIAGNOSIS
goat_0359,train,goat_0359.jpg,skin_lesion,side_right,good,far,goat|skin_lesion,NEEDS_REAL_IMAGE_ANNOTATION,placeholder_manifest,NOT_A_DIAGNOSIS
goat_0360,train,goat_0360.jpg,possible_lameness,front,outdoor,close,goat|possible_lameness,NEEDS_REAL_IMAGE_ANNOTATION,placeholder_manifest,NOT_A_DIAGNOSIS
goat_0361,train,goat_0361.jpg,abnormal_posture,side_right,low_light,far,goat|abnormal_posture,NEEDS_REAL_IMAGE_ANNOTATION,placeholder_manifest,NOT_A_DIAGNOSIS
goat_0362,train,goat_0362.jpg,healthy,rear,good,close,goat,NEEDS_REAL_IMAGE_ANNOTATION,placeholder_manifest,NOT_A_DIAGNOSIS
goat_0363,train,goat_0363.jpg,abnormal_posture,side_right,good,medium,goat|abnormal_posture,NEEDS_REAL_IMAGE_ANNOTATION,placeholder_manifest,NOT_A_DIAGNOSIS
goat_0364,train,goat_0364.jpg,healthy,side_right,indoor,medium,goat,NEEDS_REAL_IMAGE_ANNOTATION,placeholder_manifest,NOT_A_DIAGNOSIS
goat_0365,train,goat_0365.jpg,multiple_visible_signs,side_right,indoor,close,goat|skin_lesion|eye_discharge,NEEDS_REAL_IMAGE_ANNOTATION,placeholder_manifest,NOT_A_DIAGNOSIS
goat_0366,train,goat_0366.jpg,abnormal_posture,side_right,indoor,close,goat|abnormal_posture,NEEDS_REAL_IMAGE_ANNOTATION,placeholder_manifest,NOT_A_DIAGNOSIS
goat_0367,train,goat_0367.jpg,healthy,rear,indoor,far,goat,NEEDS_REAL_IMAGE_ANNOTATION,placeholder_manifest,NOT_A_DIAGNOSIS
goat_0368,train,goat_0368.jpg,eye_discharge,front,good,close,goat|eye_discharge,NEEDS_REAL_IMAGE_ANNOTATION,placeholder_manifest,NOT_A_DIAGNOSIS
goat_0369,train,goat_0369.jpg,healthy,side_left,low_light,close,goat,NEEDS_REAL_IMAGE_ANNOTATION,placeholder_manifest,NOT_A_DIAGNOSIS
goat_0370,train,goat_0370.jpg,abnormal_posture,side_left,outdoor,close,goat|abnormal_posture,NEEDS_REAL_IMAGE_ANNOTATION,placeholder_manifest,NOT_A_DIAGNOSIS
goat_0371,train,goat_0371.jpg,healthy,rear,low_light,close,goat,NEEDS_REAL_IMAGE_ANNOTATION,placeholder_manifest,NOT_A_DIAGNOSIS
goat_0372,train,goat_0372.jpg,healthy,rear,good,far,goat,NEEDS_REAL_IMAGE_ANNOTATION,placeholder_manifest,NOT_A_DIAGNOSIS
goat_0373,train,goat_0373.jpg,eye_discharge,side_left,indoor,medium,goat|eye_discharge,NEEDS_REAL_IMAGE_ANNOTATION,placeholder_manifest,NOT_A_DIAGNOSIS
goat_0374,train,goat_0374.jpg,eye_discharge,side_right,indoor,far,goat|eye_discharge,NEEDS_REAL_IMAGE_ANNOTATION,placeholder_manifest,NOT_A_DIAGNOSIS
goat_0375,train,goat_0375.jpg,eye_discharge,front,outdoor,close,goat|eye_discharge,NEEDS_REAL_IMAGE_ANNOTATION,placeholder_manifest,NOT_A_DIAGNOSIS
goat_0376,train,goat_0376.jpg,multiple_visible_signs,front,low_light,medium,goat|eye_discharge|abnormal_posture,NEEDS_REAL_IMAGE_ANNOTATION,placeholder_manifest,NOT_A_DIAGNOSIS
goat_0377,train,goat_0377.jpg,multiple_visible_signs,side_right,good,medium,goat|eye_discharge|skin_lesion,NEEDS_REAL_IMAGE_ANNOTATION,placeholder_manifest,NOT_A_DIAGNOSIS
goat_0378,train,goat_0378.jpg,healthy,front,outdoor,close,goat,NEEDS_REAL_IMAGE_ANNOTATION,placeholder_manifest,NOT_A_DIAGNOSIS
goat_0379,train,goat_0379.jpg,healthy,side_right,indoor,far,goat,NEEDS_REAL_IMAGE_ANNOTATION,placeholder_manifest,NOT_A_DIAGNOSIS
goat_0380,train,goat_0380.jpg,eye_discharge,rear,indoor,close,goat|eye_discharge,NEEDS_REAL_IMAGE_ANNOTATION,placeholder_manifest,NOT_A_DIAGNOSIS
goat_0381,train,goat_0381.jpg,healthy,rear,good,medium,goat,NEEDS_REAL_IMAGE_ANNOTATION,placeholder_manifest,NOT_A_DIAGNOSIS
goat_0382,train,goat_0382.jpg,healthy,side_left,good,medium,goat,NEEDS_REAL_IMAGE_ANNOTATION,placeholder_manifest,NOT_A_DIAGNOSIS
goat_0383,train,goat_0383.jpg,possible_lameness,rear,low_light,medium,goat|possible_lameness,NEEDS_REAL_IMAGE_ANNOTATION,placeholder_manifest,NOT_A_DIAGNOSIS
goat_0384,train,goat_0384.jpg,healthy,side_left,outdoor,medium,goat,NEEDS_REAL_IMAGE_ANNOTATION,placeholder_manifest,NOT_A_DIAGNOSIS
goat_0385,train,goat_0385.jpg,possible_lameness,front,outdoor,medium,goat|possible_lameness,NEEDS_REAL_IMAGE_ANNOTATION,placeholder_manifest,NOT_A_DIAGNOSIS
goat_0386,train,goat_0386.jpg,healthy,side_right,low_light,medium,goat,NEEDS_REAL_IMAGE_ANNOTATION,placeholder_manifest,NOT_A_DIAGNOSIS
goat_0387,train,goat_0387.jpg,abnormal_posture,rear,outdoor,close,goat|abnormal_posture,NEEDS_REAL_IMAGE_ANNOTATION,placeholder_manifest,NOT_A_DIAGNOSIS
goat_0388,train,goat_0388.jpg,eye_discharge,rear,outdoor,far,goat|eye_discharge,NEEDS_REAL_IMAGE_ANNOTATION,placeholder_manifest,NOT_A_DIAGNOSIS
goat_0389,train,goat_0389.jpg,healthy,front,low_light,close,goat,NEEDS_REAL_IMAGE_ANNOTATION,placeholder_manifest,NOT_A_DIAGNOSIS
goat_0390,train,goat_0390.jpg,eye_discharge,side_left,outdoor,medium,goat|eye_discharge,NEEDS_REAL_IMAGE_ANNOTATION,placeholder_manifest,NOT_A_DIAGNOSIS
goat_0391,train,goat_0391.jpg,healthy,side_right,outdoor,medium,goat,NEEDS_REAL_IMAGE_ANNOTATION,placeholder_manifest,NOT_A_DIAGNOSIS
goat_0392,train,goat_0392.jpg,eye_discharge,rear,indoor,far,goat|eye_discharge,NEEDS_REAL_IMAGE_ANNOTATION,placeholder_manifest,NOT_A_DIAGNOSIS
goat_0393,train,goat_0393.jpg,eye_discharge,rear,good,far,goat|eye_discharge,NEEDS_REAL_IMAGE_ANNOTATION,placeholder_manifest,NOT_A_DIAGNOSIS
goat_0394,train,goat_0394.jpg,possible_lameness,side_right,low_light,medium,goat|possible_lameness,NEEDS_REAL_IMAGE_ANNOTATION,placeholder_manifest,NOT_A_DIAGNOSIS
goat_0395,train,goat_0395.jpg,skin_lesion,front,good,far,goat|skin_lesion,NEEDS_REAL_IMAGE_ANNOTATION,placeholder_manifest,NOT_A_DIAGNOSIS
goat_0396,train,goat_0396.jpg,skin_lesion,side_right,indoor,close,goat|skin_lesion,NEEDS_REAL_IMAGE_ANNOTATION,placeholder_manifest,NOT_A_DIAGNOSIS
goat_0397,train,goat_0397.jpg,healthy,rear,good,close,goat,NEEDS_REAL_IMAGE_ANNOTATION,placeholder_manifest,NOT_A_DIAGNOSIS
goat_0398,train,goat_0398.jpg,healthy,side_right,outdoor,medium,goat,NEEDS_REAL_IMAGE_ANNOTATION,placeholder_manifest,NOT_A_DIAGNOSIS
goat_0399,train,goat_0399.jpg,multiple_visible_signs,front,indoor,far,goat|abnormal_posture|skin_lesion,NEEDS_REAL_IMAGE_ANNOTATION,placeholder_manifest,NOT_A_DIAGNOSIS
goat_0400,train,goat_0400.jpg,healthy,front,indoor,far,goat,NEEDS_REAL_IMAGE_ANNOTATION,placeholder_manifest,NOT_A_DIAGNOSIS
goat_0401,train,goat_0401.jpg,healthy,side_right,outdoor,close,goat,NEEDS_REAL_IMAGE_ANNOTATION,placeholder_manifest,NOT_A_DIAGNOSIS
goat_0402,train,goat_0402.jpg,multiple_visible_signs,front,indoor,medium,goat|possible_lameness|abnormal_posture,NEEDS_REAL_IMAGE_ANNOTATION,placeholder_manifest,NOT_A_DIAGNOSIS
goat_0403,train,goat_0403.jpg,possible_lameness,front,outdoor,medium,goat|possible_lameness,NEEDS_REAL_IMAGE_ANNOTATION,placeholder_manifest,NOT_A_DIAGNOSIS
goat_0404,train,goat_0404.jpg,skin_lesion,side_left,outdoor,far,goat|skin_lesion,NEEDS_REAL_IMAGE_ANNOTATION,placeholder_manifest,NOT_A_DIAGNOSIS
goat_0405,train,goat_0405.jpg,possible_lameness,rear,indoor,close,goat|possible_lameness,NEEDS_REAL_IMAGE_ANNOTATION,placeholder_manifest,NOT_A_DIAGNOSIS
goat_0406,train,goat_0406.jpg,healthy,front,low_light,close,goat,NEEDS_REAL_IMAGE_ANNOTATION,placeholder_manifest,NOT_A_DIAGNOSIS
goat_0407,train,goat_0407.jpg,possible_lameness,rear,good,far,goat|possible_lameness,NEEDS_REAL_IMAGE_ANNOTATION,placeholder_manifest,NOT_A_DIAGNOSIS
goat_0408,train,goat_0408.jpg,multiple_visible_signs,side_right,outdoor,far,goat|eye_discharge|skin_lesion,NEEDS_REAL_IMAGE_ANNOTATION,placeholder_manifest,NOT_A_DIAGNOSIS
goat_0409,train,goat_0409.jpg,possible_lameness,side_left,indoor,medium,goat|possible_lameness,NEEDS_REAL_IMAGE_ANNOTATION,placeholder_manifest,NOT_A_DIAGNOSIS
goat_0410,train,goat_0410.jpg,eye_discharge,front,indoor,close,goat|eye_discharge,NEEDS_REAL_IMAGE_ANNOTATION,placeholder_manifest,NOT_A_DIAGNOSIS
goat_0411,train,goat_0411.jpg,healthy,rear,good,medium,goat,NEEDS_REAL_IMAGE_ANNOTATION,placeholder_manifest,NOT_A_DIAGNOSIS
goat_0412,train,goat_0412.jpg,nasal_discharge,side_right,low_light,far,goat|nasal_discharge,NEEDS_REAL_IMAGE_ANNOTATION,placeholder_manifest,NOT_A_DIAGNOSIS
goat_0413,train,goat_0413.jpg,healthy,front,good,medium,goat,NEEDS_REAL_IMAGE_ANNOTATION,placeholder_manifest,NOT_A_DIAGNOSIS
goat_0414,train,goat_0414.jpg,healthy,rear,low_light,medium,goat,NEEDS_REAL_IMAGE_ANNOTATION,placeholder_manifest,NOT_A_DIAGNOSIS
goat_0415,train,goat_0415.jpg,abnormal_posture,front,indoor,medium,goat|abnormal_posture,NEEDS_REAL_IMAGE_ANNOTATION,placeholder_manifest,NOT_A_DIAGNOSIS
goat_0416,train,goat_0416.jpg,skin_lesion,rear,low_light,far,goat|skin_lesion,NEEDS_REAL_IMAGE_ANNOTATION,placeholder_manifest,NOT_A_DIAGNOSIS
goat_0417,train,goat_0417.jpg,eye_discharge,side_left,indoor,close,goat|eye_discharge,NEEDS_REAL_IMAGE_ANNOTATION,placeholder_manifest,NOT_A_DIAGNOSIS
goat_0418,train,goat_0418.jpg,eye_discharge,front,good,far,goat|eye_discharge,NEEDS_REAL_IMAGE_ANNOTATION,placeholder_manifest,NOT_A_DIAGNOSIS
goat_0419,train,goat_0419.jpg,healthy,side_left,indoor,medium,goat,NEEDS_REAL_IMAGE_ANNOTATION,placeholder_manifest,NOT_A_DIAGNOSIS
goat_0420,train,goat_0420.jpg,possible_lameness,side_left,outdoor,far,goat|possible_lameness,NEEDS_REAL_IMAGE_ANNOTATION,placeholder_manifest,NOT_A_DIAGNOSIS
goat_0421,train,goat_0421.jpg,possible_lameness,front,outdoor,close,goat|possible_lameness,NEEDS_REAL_IMAGE_ANNOTATION,placeholder_manifest,NOT_A_DIAGNOSIS
goat_0422,train,goat_0422.jpg,skin_lesion,side_right,indoor,far,goat|skin_lesion,NEEDS_REAL_IMAGE_ANNOTATION,placeholder_manifest,NOT_A_DIAGNOSIS
goat_0423,train,goat_0423.jpg,healthy,front,indoor,far,goat,NEEDS_REAL_IMAGE_ANNOTATION,placeholder_manifest,NOT_A_DIAGNOSIS
goat_0424,train,goat_0424.jpg,multiple_visible_signs,side_left,indoor,far,goat|possible_lameness|skin_lesion,NEEDS_REAL_IMAGE_ANNOTATION,placeholder_manifest,NOT_A_DIAGNOSIS
goat_0425,train,goat_0425.jpg,possible_lameness,front,good,close,goat|possible_lameness,NEEDS_REAL_IMAGE_ANNOTATION,placeholder_manifest,NOT_A_DIAGNOSIS
goat_0426,train,goat_0426.jpg,healthy,side_right,indoor,far,goat,NEEDS_REAL_IMAGE_ANNOTATION,placeholder_manifest,NOT_A_DIAGNOSIS
goat_0427,train,goat_0427.jpg,eye_discharge,front,low_light,far,goat|eye_discharge,NEEDS_REAL_IMAGE_ANNOTATION,placeholder_manifest,NOT_A_DIAGNOSIS
goat_0428,train,goat_0428.jpg,nasal_discharge,side_right,low_light,close,goat|nasal_discharge,NEEDS_REAL_IMAGE_ANNOTATION,placeholder_manifest,NOT_A_DIAGNOSIS
goat_0429,train,goat_0429.jpg,abnormal_posture,rear,outdoor,medium,goat|abnormal_posture,NEEDS_REAL_IMAGE_ANNOTATION,placeholder_manifest,NOT_A_DIAGNOSIS
goat_0430,train,goat_0430.jpg,healthy,front,indoor,medium,goat,NEEDS_REAL_IMAGE_ANNOTATION,placeholder_manifest,NOT_A_DIAGNOSIS
goat_0431,train,goat_0431.jpg,eye_discharge,rear,indoor,medium,goat|eye_discharge,NEEDS_REAL_IMAGE_ANNOTATION,placeholder_manifest,NOT_A_DIAGNOSIS
goat_0432,train,goat_0432.jpg,nasal_discharge,side_right,outdoor,far,goat|nasal_discharge,NEEDS_REAL_IMAGE_ANNOTATION,placeholder_manifest,NOT_A_DIAGNOSIS
goat_0433,train,goat_0433.jpg,multiple_visible_signs,side_right,low_light,close,goat|skin_lesion|eye_discharge,NEEDS_REAL_IMAGE_ANNOTATION,placeholder_manifest,NOT_A_DIAGNOSIS
goat_0434,train,goat_0434.jpg,healthy,rear,good,medium,goat,NEEDS_REAL_IMAGE_ANNOTATION,placeholder_manifest,NOT_A_DIAGNOSIS
goat_0435,train,goat_0435.jpg,eye_discharge,side_left,good,close,goat|eye_discharge,NEEDS_REAL_IMAGE_ANNOTATION,placeholder_manifest,NOT_A_DIAGNOSIS
goat_0436,train,goat_0436.jpg,healthy,rear,low_light,close,goat,NEEDS_REAL_IMAGE_ANNOTATION,placeholder_manifest,NOT_A_DIAGNOSIS
goat_0437,train,goat_0437.jpg,multiple_visible_signs,side_left,outdoor,far,goat|skin_lesion|nasal_discharge,NEEDS_REAL_IMAGE_ANNOTATION,placeholder_manifest,NOT_A_DIAGNOSIS
goat_0438,train,goat_0438.jpg,abnormal_posture,rear,low_light,medium,goat|abnormal_posture,NEEDS_REAL_IMAGE_ANNOTATION,placeholder_manifest,NOT_A_DIAGNOSIS
goat_0439,train,goat_0439.jpg,possible_lameness,rear,good,close,goat|possible_lameness,NEEDS_REAL_IMAGE_ANNOTATION,placeholder_manifest,NOT_A_DIAGNOSIS
goat_0440,train,goat_0440.jpg,multiple_visible_signs,rear,indoor,close,goat|possible_lameness|skin_lesion,NEEDS_REAL_IMAGE_ANNOTATION,placeholder_manifest,NOT_A_DIAGNOSIS
goat_0441,train,goat_0441.jpg,healthy,side_right,low_light,far,goat,NEEDS_REAL_IMAGE_ANNOTATION,placeholder_manifest,NOT_A_DIAGNOSIS
goat_0442,train,goat_0442.jpg,possible_lameness,rear,outdoor,far,goat|possible_lameness,NEEDS_REAL_IMAGE_ANNOTATION,placeholder_manifest,NOT_A_DIAGNOSIS
goat_0443,train,goat_0443.jpg,healthy,front,low_light,close,goat,NEEDS_REAL_IMAGE_ANNOTATION,placeholder_manifest,NOT_A_DIAGNOSIS
goat_0444,train,goat_0444.jpg,possible_lameness,side_right,low_light,medium,goat|possible_lameness,NEEDS_REAL_IMAGE_ANNOTATION,placeholder_manifest,NOT_A_DIAGNOSIS
goat_0445,train,goat_0445.jpg,healthy,front,indoor,medium,goat,NEEDS_REAL_IMAGE_ANNOTATION,placeholder_manifest,NOT_A_DIAGNOSIS
goat_0446,train,goat_0446.jpg,nasal_discharge,front,low_light,far,goat|nasal_discharge,NEEDS_REAL_IMAGE_ANNOTATION,placeholder_manifest,NOT_A_DIAGNOSIS
goat_0447,train,goat_0447.jpg,eye_discharge,side_right,good,close,goat|eye_discharge,NEEDS_REAL_IMAGE_ANNOTATION,placeholder_manifest,NOT_A_DIAGNOSIS
goat_0448,train,goat_0448.jpg,multiple_visible_signs,rear,outdoor,medium,goat|possible_lameness|skin_lesion,NEEDS_REAL_IMAGE_ANNOTATION,placeholder_manifest,NOT_A_DIAGNOSIS
goat_0449,train,goat_0449.jpg,abnormal_posture,side_left,low_light,far,goat|abnormal_posture,NEEDS_REAL_IMAGE_ANNOTATION,placeholder_manifest,NOT_A_DIAGNOSIS
goat_0450,train,goat_0450.jpg,healthy,front,indoor,far,goat,NEEDS_REAL_IMAGE_ANNOTATION,placeholder_manifest,NOT_A_DIAGNOSIS
goat_0451,train,goat_0451.jpg,healthy,rear,low_light,close,goat,NEEDS_REAL_IMAGE_ANNOTATION,placeholder_manifest,NOT_A_DIAGNOSIS
goat_0452,train,goat_0452.jpg,nasal_discharge,side_left,outdoor,far,goat|nasal_discharge,NEEDS_REAL_IMAGE_ANNOTATION,placeholder_manifest,NOT_A_DIAGNOSIS
goat_0453,train,goat_0453.jpg,healthy,rear,outdoor,far,goat,NEEDS_REAL_IMAGE_ANNOTATION,placeholder_manifest,NOT_A_DIAGNOSIS
goat_0454,train,goat_0454.jpg,healthy,rear,outdoor,medium,goat,NEEDS_REAL_IMAGE_ANNOTATION,placeholder_manifest,NOT_A_DIAGNOSIS
goat_0455,train,goat_0455.jpg,abnormal_posture,side_right,outdoor,far,goat|abnormal_posture,NEEDS_REAL_IMAGE_ANNOTATION,placeholder_manifest,NOT_A_DIAGNOSIS
goat_0456,train,goat_0456.jpg,healthy,rear,outdoor,far,goat,NEEDS_REAL_IMAGE_ANNOTATION,placeholder_manifest,NOT_A_DIAGNOSIS
goat_0457,train,goat_0457.jpg,possible_lameness,front,low_light,medium,goat|possible_lameness,NEEDS_REAL_IMAGE_ANNOTATION,placeholder_manifest,NOT_A_DIAGNOSIS
goat_0458,train,goat_0458.jpg,multiple_visible_signs,side_left,good,far,goat|abnormal_posture|nasal_discharge,NEEDS_REAL_IMAGE_ANNOTATION,placeholder_manifest,NOT_A_DIAGNOSIS
goat_0459,train,goat_0459.jpg,nasal_discharge,rear,indoor,far,goat|nasal_discharge,NEEDS_REAL_IMAGE_ANNOTATION,placeholder_manifest,NOT_A_DIAGNOSIS
goat_0460,train,goat_0460.jpg,healthy,front,indoor,close,goat,NEEDS_REAL_IMAGE_ANNOTATION,placeholder_manifest,NOT_A_DIAGNOSIS
goat_0461,train,goat_0461.jpg,eye_discharge,rear,indoor,medium,goat|eye_discharge,NEEDS_REAL_IMAGE_ANNOTATION,placeholder_manifest,NOT_A_DIAGNOSIS
goat_0462,train,goat_0462.jpg,skin_lesion,rear,low_light,far,goat|skin_lesion,NEEDS_REAL_IMAGE_ANNOTATION,placeholder_manifest,NOT_A_DIAGNOSIS
goat_0463,train,goat_0463.jpg,skin_lesion,side_left,indoor,far,goat|skin_lesion,NEEDS_REAL_IMAGE_ANNOTATION,placeholder_manifest,NOT_A_DIAGNOSIS
goat_0464,train,goat_0464.jpg,healthy,rear,low_light,medium,goat,NEEDS_REAL_IMAGE_ANNOTATION,placeholder_manifest,NOT_A_DIAGNOSIS
goat_0465,train,goat_0465.jpg,multiple_visible_signs,rear,outdoor,far,goat|skin_lesion|possible_lameness,NEEDS_REAL_IMAGE_ANNOTATION,placeholder_manifest,NOT_A_DIAGNOSIS
goat_0466,train,goat_0466.jpg,nasal_discharge,side_left,indoor,medium,goat|nasal_discharge,NEEDS_REAL_IMAGE_ANNOTATION,placeholder_manifest,NOT_A_DIAGNOSIS
goat_0467,train,goat_0467.jpg,nasal_discharge,side_left,outdoor,medium,goat|nasal_discharge,NEEDS_REAL_IMAGE_ANNOTATION,placeholder_manifest,NOT_A_DIAGNOSIS
goat_0468,train,goat_0468.jpg,skin_lesion,rear,outdoor,medium,goat|skin_lesion,NEEDS_REAL_IMAGE_ANNOTATION,placeholder_manifest,NOT_A_DIAGNOSIS
goat_0469,train,goat_0469.jpg,healthy,side_right,outdoor,close,goat,NEEDS_REAL_IMAGE_ANNOTATION,placeholder_manifest,NOT_A_DIAGNOSIS
goat_0470,train,goat_0470.jpg,nasal_discharge,rear,low_light,medium,goat|nasal_discharge,NEEDS_REAL_IMAGE_ANNOTATION,placeholder_manifest,NOT_A_DIAGNOSIS
goat_0471,train,goat_0471.jpg,multiple_visible_signs,side_left,outdoor,close,goat|skin_lesion|eye_discharge,NEEDS_REAL_IMAGE_ANNOTATION,placeholder_manifest,NOT_A_DIAGNOSIS
goat_0472,train,goat_0472.jpg,healthy,rear,outdoor,far,goat,NEEDS_REAL_IMAGE_ANNOTATION,placeholder_manifest,NOT_A_DIAGNOSIS
goat_0473,train,goat_0473.jpg,eye_discharge,side_left,outdoor,far,goat|eye_discharge,NEEDS_REAL_IMAGE_ANNOTATION,placeholder_manifest,NOT_A_DIAGNOSIS
goat_0474,train,goat_0474.jpg,skin_lesion,side_left,good,far,goat|skin_lesion,NEEDS_REAL_IMAGE_ANNOTATION,placeholder_manifest,NOT_A_DIAGNOSIS
goat_0475,train,goat_0475.jpg,abnormal_posture,side_left,indoor,close,goat|abnormal_posture,NEEDS_REAL_IMAGE_ANNOTATION,placeholder_manifest,NOT_A_DIAGNOSIS
goat_0476,train,goat_0476.jpg,skin_lesion,side_left,indoor,close,goat|skin_lesion,NEEDS_REAL_IMAGE_ANNOTATION,placeholder_manifest,NOT_A_DIAGNOSIS
goat_0477,train,goat_0477.jpg,healthy,side_right,low_light,close,goat,NEEDS_REAL_IMAGE_ANNOTATION,placeholder_manifest,NOT_A_DIAGNOSIS
goat_0478,train,goat_0478.jpg,skin_lesion,side_left,good,far,goat|skin_lesion,NEEDS_REAL_IMAGE_ANNOTATION,placeholder_manifest,NOT_A_DIAGNOSIS
goat_0479,train,goat_0479.jpg,multiple_visible_signs,side_left,low_light,far,goat|abnormal_posture|possible_lameness,NEEDS_REAL_IMAGE_ANNOTATION,placeholder_manifest,NOT_A_DIAGNOSIS
goat_0480,train,goat_0480.jpg,skin_lesion,side_right,outdoor,medium,goat|skin_lesion,NEEDS_REAL_IMAGE_ANNOTATION,placeholder_manifest,NOT_A_DIAGNOSIS
goat_0481,train,goat_0481.jpg,skin_lesion,front,indoor,far,goat|skin_lesion,NEEDS_REAL_IMAGE_ANNOTATION,placeholder_manifest,NOT_A_DIAGNOSIS
goat_0482,train,goat_0482.jpg,skin_lesion,front,indoor,medium,goat|skin_lesion,NEEDS_REAL_IMAGE_ANNOTATION,placeholder_manifest,NOT_A_DIAGNOSIS
goat_0483,train,goat_0483.jpg,possible_lameness,side_left,good,medium,goat|possible_lameness,NEEDS_REAL_IMAGE_ANNOTATION,placeholder_manifest,NOT_A_DIAGNOSIS
goat_0484,train,goat_0484.jpg,abnormal_posture,side_left,outdoor,close,goat|abnormal_posture,NEEDS_REAL_IMAGE_ANNOTATION,placeholder_manifest,NOT_A_DIAGNOSIS
goat_0485,train,goat_0485.jpg,healthy,front,outdoor,medium,goat,NEEDS_REAL_IMAGE_ANNOTATION,placeholder_manifest,NOT_A_DIAGNOSIS
goat_0486,train,goat_0486.jpg,eye_discharge,rear,indoor,far,goat|eye_discharge,NEEDS_REAL_IMAGE_ANNOTATION,placeholder_manifest,NOT_A_DIAGNOSIS
goat_0487,train,goat_0487.jpg,eye_discharge,side_left,good,medium,goat|eye_discharge,NEEDS_REAL_IMAGE_ANNOTATION,placeholder_manifest,NOT_A_DIAGNOSIS
goat_0488,train,goat_0488.jpg,healthy,rear,outdoor,far,goat,NEEDS_REAL_IMAGE_ANNOTATION,placeholder_manifest,NOT_A_DIAGNOSIS
goat_0489,train,goat_0489.jpg,healthy,side_right,outdoor,far,goat,NEEDS_REAL_IMAGE_ANNOTATION,placeholder_manifest,NOT_A_DIAGNOSIS
goat_0490,train,goat_0490.jpg,skin_lesion,side_left,indoor,far,goat|skin_lesion,NEEDS_REAL_IMAGE_ANNOTATION,placeholder_manifest,NOT_A_DIAGNOSIS
goat_0491,train,goat_0491.jpg,possible_lameness,rear,low_light,far,goat|possible_lameness,NEEDS_REAL_IMAGE_ANNOTATION,placeholder_manifest,NOT_A_DIAGNOSIS
goat_0492,train,goat_0492.jpg,healthy,rear,good,close,goat,NEEDS_REAL_IMAGE_ANNOTATION,placeholder_manifest,NOT_A_DIAGNOSIS
goat_0493,train,goat_0493.jpg,multiple_visible_signs,rear,outdoor,close,goat|eye_discharge|skin_lesion,NEEDS_REAL_IMAGE_ANNOTATION,placeholder_manifest,NOT_A_DIAGNOSIS
goat_0494,train,goat_0494.jpg,healthy,rear,outdoor,medium,goat,NEEDS_REAL_IMAGE_ANNOTATION,placeholder_manifest,NOT_A_DIAGNOSIS
goat_0495,train,goat_0495.jpg,healthy,front,outdoor,far,goat,NEEDS_REAL_IMAGE_ANNOTATION,placeholder_manifest,NOT_A_DIAGNOSIS
goat_0496,train,goat_0496.jpg,healthy,side_left,good,far,goat,NEEDS_REAL_IMAGE_ANNOTATION,placeholder_manifest,NOT_A_DIAGNOSIS
goat_0497,train,goat_0497.jpg,healthy,side_right,indoor,medium,goat,NEEDS_REAL_IMAGE_ANNOTATION,placeholder_manifest,NOT_A_DIAGNOSIS
goat_0498,train,goat_0498.jpg,skin_lesion,side_right,good,far,goat|skin_lesion,NEEDS_REAL_IMAGE_ANNOTATION,placeholder_manifest,NOT_A_DIAGNOSIS
goat_0499,train,goat_0499.jpg,possible_lameness,side_right,outdoor,far,goat|possible_lameness,NEEDS_REAL_IMAGE_ANNOTATION,placeholder_manifest,NOT_A_DIAGNOSIS
goat_0500,train,goat_0500.jpg,healthy,side_left,low_light,close,goat,NEEDS_REAL_IMAGE_ANNOTATION,placeholder_manifest,NOT_A_DIAGNOSIS
goat_0501,train,goat_0501.jpg,eye_discharge,side_right,low_light,far,goat|eye_discharge,NEEDS_REAL_IMAGE_ANNOTATION,placeholder_manifest,NOT_A_DIAGNOSIS
goat_0502,train,goat_0502.jpg,nasal_discharge,rear,indoor,close,goat|nasal_discharge,NEEDS_REAL_IMAGE_ANNOTATION,placeholder_manifest,NOT_A_DIAGNOSIS
goat_0503,train,goat_0503.jpg,skin_lesion,front,low_light,far,goat|skin_lesion,NEEDS_REAL_IMAGE_ANNOTATION,placeholder_manifest,NOT_A_DIAGNOSIS
goat_0504,train,goat_0504.jpg,skin_lesion,front,good,close,goat|skin_lesion,NEEDS_REAL_IMAGE_ANNOTATION,placeholder_manifest,NOT_A_DIAGNOSIS
goat_0505,train,goat_0505.jpg,abnormal_posture,side_left,indoor,close,goat|abnormal_posture,NEEDS_REAL_IMAGE_ANNOTATION,placeholder_manifest,NOT_A_DIAGNOSIS
goat_0506,train,goat_0506.jpg,healthy,rear,good,far,goat,NEEDS_REAL_IMAGE_ANNOTATION,placeholder_manifest,NOT_A_DIAGNOSIS
goat_0507,train,goat_0507.jpg,healthy,rear,good,far,goat,NEEDS_REAL_IMAGE_ANNOTATION,placeholder_manifest,NOT_A_DIAGNOSIS
goat_0508,train,goat_0508.jpg,eye_discharge,front,low_light,close,goat|eye_discharge,NEEDS_REAL_IMAGE_ANNOTATION,placeholder_manifest,NOT_A_DIAGNOSIS
goat_0509,train,goat_0509.jpg,eye_discharge,rear,good,far,goat|eye_discharge,NEEDS_REAL_IMAGE_ANNOTATION,placeholder_manifest,NOT_A_DIAGNOSIS
goat_0510,train,goat_0510.jpg,eye_discharge,side_right,good,medium,goat|eye_discharge,NEEDS_REAL_IMAGE_ANNOTATION,placeholder_manifest,NOT_A_DIAGNOSIS
goat_0511,train,goat_0511.jpg,healthy,front,indoor,far,goat,NEEDS_REAL_IMAGE_ANNOTATION,placeholder_manifest,NOT_A_DIAGNOSIS
goat_0512,train,goat_0512.jpg,healthy,rear,outdoor,far,goat,NEEDS_REAL_IMAGE_ANNOTATION,placeholder_manifest,NOT_A_DIAGNOSIS
goat_0513,train,goat_0513.jpg,healthy,front,good,medium,goat,NEEDS_REAL_IMAGE_ANNOTATION,placeholder_manifest,NOT_A_DIAGNOSIS
goat_0514,train,goat_0514.jpg,healthy,rear,indoor,close,goat,NEEDS_REAL_IMAGE_ANNOTATION,placeholder_manifest,NOT_A_DIAGNOSIS
goat_0515,train,goat_0515.jpg,abnormal_posture,rear,outdoor,medium,goat|abnormal_posture,NEEDS_REAL_IMAGE_ANNOTATION,placeholder_manifest,NOT_A_DIAGNOSIS
goat_0516,train,goat_0516.jpg,eye_discharge,rear,low_light,close,goat|eye_discharge,NEEDS_REAL_IMAGE_ANNOTATION,placeholder_manifest,NOT_A_DIAGNOSIS
goat_0517,train,goat_0517.jpg,skin_lesion,side_left,outdoor,close,goat|skin_lesion,NEEDS_REAL_IMAGE_ANNOTATION,placeholder_manifest,NOT_A_DIAGNOSIS
goat_0518,train,goat_0518.jpg,healthy,rear,indoor,far,goat,NEEDS_REAL_IMAGE_ANNOTATION,placeholder_manifest,NOT_A_DIAGNOSIS
goat_0519,train,goat_0519.jpg,multiple_visible_signs,front,good,medium,goat|abnormal_posture|possible_lameness,NEEDS_REAL_IMAGE_ANNOTATION,placeholder_manifest,NOT_A_DIAGNOSIS
goat_0520,train,goat_0520.jpg,nasal_discharge,side_left,indoor,medium,goat|nasal_discharge,NEEDS_REAL_IMAGE_ANNOTATION,placeholder_manifest,NOT_A_DIAGNOSIS
goat_0521,train,goat_0521.jpg,healthy,side_right,indoor,far,goat,NEEDS_REAL_IMAGE_ANNOTATION,placeholder_manifest,NOT_A_DIAGNOSIS
goat_0522,train,goat_0522.jpg,abnormal_posture,front,low_light,far,goat|abnormal_posture,NEEDS_REAL_IMAGE_ANNOTATION,placeholder_manifest,NOT_A_DIAGNOSIS
goat_0523,train,goat_0523.jpg,abnormal_posture,front,indoor,close,goat|abnormal_posture,NEEDS_REAL_IMAGE_ANNOTATION,placeholder_manifest,NOT_A_DIAGNOSIS
goat_0524,train,goat_0524.jpg,healthy,front,low_light,far,goat,NEEDS_REAL_IMAGE_ANNOTATION,placeholder_manifest,NOT_A_DIAGNOSIS
goat_0525,train,goat_0525.jpg,skin_lesion,front,indoor,far,goat|skin_lesion,NEEDS_REAL_IMAGE_ANNOTATION,placeholder_manifest,NOT_A_DIAGNOSIS
goat_0526,train,goat_0526.jpg,healthy,rear,indoor,far,goat,NEEDS_REAL_IMAGE_ANNOTATION,placeholder_manifest,NOT_A_DIAGNOSIS
goat_0527,train,goat_0527.jpg,healthy,front,indoor,far,goat,NEEDS_REAL_IMAGE_ANNOTATION,placeholder_manifest,NOT_A_DIAGNOSIS
goat_0528,train,goat_0528.jpg,multiple_visible_signs,side_left,outdoor,far,goat|possible_lameness|skin_lesion,NEEDS_REAL_IMAGE_ANNOTATION,placeholder_manifest,NOT_A_DIAGNOSIS
goat_0529,train,goat_0529.jpg,healthy,side_left,indoor,medium,goat,NEEDS_REAL_IMAGE_ANNOTATION,placeholder_manifest,NOT_A_DIAGNOSIS
goat_0530,train,goat_0530.jpg,healthy,front,indoor,far,goat,NEEDS_REAL_IMAGE_ANNOTATION,placeholder_manifest,NOT_A_DIAGNOSIS
goat_0531,train,goat_0531.jpg,skin_lesion,rear,good,medium,goat|skin_lesion,NEEDS_REAL_IMAGE_ANNOTATION,placeholder_manifest,NOT_A_DIAGNOSIS
goat_0532,train,goat_0532.jpg,multiple_visible_signs,rear,outdoor,far,goat|abnormal_posture|possible_lameness,NEEDS_REAL_IMAGE_ANNOTATION,placeholder_manifest,NOT_A_DIAGNOSIS
goat_0533,train,goat_0533.jpg,healthy,rear,indoor,far,goat,NEEDS_REAL_IMAGE_ANNOTATION,placeholder_manifest,NOT_A_DIAGNOSIS
goat_0534,train,goat_0534.jpg,eye_discharge,side_left,outdoor,far,goat|eye_discharge,NEEDS_REAL_IMAGE_ANNOTATION,placeholder_manifest,NOT_A_DIAGNOSIS
goat_0535,train,goat_0535.jpg,healthy,rear,good,far,goat,NEEDS_REAL_IMAGE_ANNOTATION,placeholder_manifest,NOT_A_DIAGNOSIS
goat_0536,train,goat_0536.jpg,eye_discharge,rear,indoor,medium,goat|eye_discharge,NEEDS_REAL_IMAGE_ANNOTATION,placeholder_manifest,NOT_A_DIAGNOSIS
goat_0537,train,goat_0537.jpg,healthy,side_left,outdoor,far,goat,NEEDS_REAL_IMAGE_ANNOTATION,placeholder_manifest,NOT_A_DIAGNOSIS
goat_0538,train,goat_0538.jpg,healthy,rear,outdoor,close,goat,NEEDS_REAL_IMAGE_ANNOTATION,placeholder_manifest,NOT_A_DIAGNOSIS
goat_0539,train,goat_0539.jpg,nasal_discharge,side_left,good,medium,goat|nasal_discharge,NEEDS_REAL_IMAGE_ANNOTATION,placeholder_manifest,NOT_A_DIAGNOSIS
goat_0540,train,goat_0540.jpg,healthy,front,good,close,goat,NEEDS_REAL_IMAGE_ANNOTATION,placeholder_manifest,NOT_A_DIAGNOSIS
goat_0541,train,goat_0541.jpg,abnormal_posture,side_left,low_light,close,goat|abnormal_posture,NEEDS_REAL_IMAGE_ANNOTATION,placeholder_manifest,NOT_A_DIAGNOSIS
goat_0542,train,goat_0542.jpg,possible_lameness,side_right,outdoor,close,goat|possible_lameness,NEEDS_REAL_IMAGE_ANNOTATION,placeholder_manifest,NOT_A_DIAGNOSIS
goat_0543,train,goat_0543.jpg,healthy,side_left,good,far,goat,NEEDS_REAL_IMAGE_ANNOTATION,placeholder_manifest,NOT_A_DIAGNOSIS
goat_0544,train,goat_0544.jpg,multiple_visible_signs,rear,indoor,far,goat|possible_lameness|nasal_discharge,NEEDS_REAL_IMAGE_ANNOTATION,placeholder_manifest,NOT_A_DIAGNOSIS
goat_0545,train,goat_0545.jpg,healthy,side_left,outdoor,medium,goat,NEEDS_REAL_IMAGE_ANNOTATION,placeholder_manifest,NOT_A_DIAGNOSIS
goat_0546,train,goat_0546.jpg,healthy,side_right,outdoor,medium,goat,NEEDS_REAL_IMAGE_ANNOTATION,placeholder_manifest,NOT_A_DIAGNOSIS
goat_0547,train,goat_0547.jpg,healthy,rear,low_light,close,goat,NEEDS_REAL_IMAGE_ANNOTATION,placeholder_manifest,NOT_A_DIAGNOSIS
goat_0548,train,goat_0548.jpg,abnormal_posture,rear,outdoor,close,goat|abnormal_posture,NEEDS_REAL_IMAGE_ANNOTATION,placeholder_manifest,NOT_A_DIAGNOSIS
goat_0549,train,goat_0549.jpg,healthy,rear,good,far,goat,NEEDS_REAL_IMAGE_ANNOTATION,placeholder_manifest,NOT_A_DIAGNOSIS
goat_0550,train,goat_0550.jpg,possible_lameness,side_left,good,medium,goat|possible_lameness,NEEDS_REAL_IMAGE_ANNOTATION,placeholder_manifest,NOT_A_DIAGNOSIS
goat_0551,train,goat_0551.jpg,nasal_discharge,rear,outdoor,close,goat|nasal_discharge,NEEDS_REAL_IMAGE_ANNOTATION,placeholder_manifest,NOT_A_DIAGNOSIS
goat_0552,train,goat_0552.jpg,healthy,side_left,low_light,far,goat,NEEDS_REAL_IMAGE_ANNOTATION,placeholder_manifest,NOT_A_DIAGNOSIS
goat_0553,train,goat_0553.jpg,abnormal_posture,rear,outdoor,medium,goat|abnormal_posture,NEEDS_REAL_IMAGE_ANNOTATION,placeholder_manifest,NOT_A_DIAGNOSIS
goat_0554,train,goat_0554.jpg,abnormal_posture,rear,low_light,medium,goat|abnormal_posture,NEEDS_REAL_IMAGE_ANNOTATION,placeholder_manifest,NOT_A_DIAGNOSIS
goat_0555,train,goat_0555.jpg,healthy,side_right,indoor,close,goat,NEEDS_REAL_IMAGE_ANNOTATION,placeholder_manifest,NOT_A_DIAGNOSIS
goat_0556,train,goat_0556.jpg,skin_lesion,rear,indoor,far,goat|skin_lesion,NEEDS_REAL_IMAGE_ANNOTATION,placeholder_manifest,NOT_A_DIAGNOSIS
goat_0557,train,goat_0557.jpg,multiple_visible_signs,front,good,close,goat|eye_discharge|possible_lameness,NEEDS_REAL_IMAGE_ANNOTATION,placeholder_manifest,NOT_A_DIAGNOSIS
goat_0558,train,goat_0558.jpg,eye_discharge,side_left,good,far,goat|eye_discharge,NEEDS_REAL_IMAGE_ANNOTATION,placeholder_manifest,NOT_A_DIAGNOSIS
goat_0559,train,goat_0559.jpg,healthy,side_left,low_light,medium,goat,NEEDS_REAL_IMAGE_ANNOTATION,placeholder_manifest,NOT_A_DIAGNOSIS
goat_0560,train,goat_0560.jpg,healthy,rear,low_light,close,goat,NEEDS_REAL_IMAGE_ANNOTATION,placeholder_manifest,NOT_A_DIAGNOSIS
goat_0561,train,goat_0561.jpg,healthy,rear,good,close,goat,NEEDS_REAL_IMAGE_ANNOTATION,placeholder_manifest,NOT_A_DIAGNOSIS
goat_0562,train,goat_0562.jpg,nasal_discharge,side_right,outdoor,close,goat|nasal_discharge,NEEDS_REAL_IMAGE_ANNOTATION,placeholder_manifest,NOT_A_DIAGNOSIS
goat_0563,train,goat_0563.jpg,eye_discharge,rear,indoor,close,goat|eye_discharge,NEEDS_REAL_IMAGE_ANNOTATION,placeholder_manifest,NOT_A_DIAGNOSIS
goat_0564,train,goat_0564.jpg,possible_lameness,side_left,indoor,close,goat|possible_lameness,NEEDS_REAL_IMAGE_ANNOTATION,placeholder_manifest,NOT_A_DIAGNOSIS
goat_0565,train,goat_0565.jpg,nasal_discharge,side_right,outdoor,medium,goat|nasal_discharge,NEEDS_REAL_IMAGE_ANNOTATION,placeholder_manifest,NOT_A_DIAGNOSIS
goat_0566,train,goat_0566.jpg,abnormal_posture,front,outdoor,medium,goat|abnormal_posture,NEEDS_REAL_IMAGE_ANNOTATION,placeholder_manifest,NOT_A_DIAGNOSIS
goat_0567,train,goat_0567.jpg,eye_discharge,side_left,indoor,medium,goat|eye_discharge,NEEDS_REAL_IMAGE_ANNOTATION,placeholder_manifest,NOT_A_DIAGNOSIS
goat_0568,train,goat_0568.jpg,skin_lesion,front,good,close,goat|skin_lesion,NEEDS_REAL_IMAGE_ANNOTATION,placeholder_manifest,NOT_A_DIAGNOSIS
goat_0569,train,goat_0569.jpg,eye_discharge,rear,low_light,close,goat|eye_discharge,NEEDS_REAL_IMAGE_ANNOTATION,placeholder_manifest,NOT_A_DIAGNOSIS
goat_0570,train,goat_0570.jpg,skin_lesion,side_left,good,medium,goat|skin_lesion,NEEDS_REAL_IMAGE_ANNOTATION,placeholder_manifest,NOT_A_DIAGNOSIS
goat_0571,train,goat_0571.jpg,possible_lameness,side_right,good,far,goat|possible_lameness,NEEDS_REAL_IMAGE_ANNOTATION,placeholder_manifest,NOT_A_DIAGNOSIS
goat_0572,train,goat_0572.jpg,possible_lameness,side_left,indoor,far,goat|possible_lameness,NEEDS_REAL_IMAGE_ANNOTATION,placeholder_manifest,NOT_A_DIAGNOSIS
goat_0573,train,goat_0573.jpg,possible_lameness,rear,outdoor,close,goat|possible_lameness,NEEDS_REAL_IMAGE_ANNOTATION,placeholder_manifest,NOT_A_DIAGNOSIS
goat_0574,train,goat_0574.jpg,possible_lameness,side_right,good,close,goat|possible_lameness,NEEDS_REAL_IMAGE_ANNOTATION,placeholder_manifest,NOT_A_DIAGNOSIS
goat_0575,train,goat_0575.jpg,possible_lameness,side_right,good,close,goat|possible_lameness,NEEDS_REAL_IMAGE_ANNOTATION,placeholder_manifest,NOT_A_DIAGNOSIS
goat_0576,train,goat_0576.jpg,nasal_discharge,rear,good,medium,goat|nasal_discharge,NEEDS_REAL_IMAGE_ANNOTATION,placeholder_manifest,NOT_A_DIAGNOSIS
goat_0577,train,goat_0577.jpg,healthy,side_left,low_light,far,goat,NEEDS_REAL_IMAGE_ANNOTATION,placeholder_manifest,NOT_A_DIAGNOSIS
goat_0578,train,goat_0578.jpg,possible_lameness,side_right,low_light,far,goat|possible_lameness,NEEDS_REAL_IMAGE_ANNOTATION,placeholder_manifest,NOT_A_DIAGNOSIS
goat_0579,train,goat_0579.jpg,healthy,front,outdoor,close,goat,NEEDS_REAL_IMAGE_ANNOTATION,placeholder_manifest,NOT_A_DIAGNOSIS
goat_0580,train,goat_0580.jpg,healthy,side_left,good,medium,goat,NEEDS_REAL_IMAGE_ANNOTATION,placeholder_manifest,NOT_A_DIAGNOSIS
goat_0581,train,goat_0581.jpg,nasal_discharge,rear,outdoor,close,goat|nasal_discharge,NEEDS_REAL_IMAGE_ANNOTATION,placeholder_manifest,NOT_A_DIAGNOSIS
goat_0582,train,goat_0582.jpg,skin_lesion,rear,low_light,close,goat|skin_lesion,NEEDS_REAL_IMAGE_ANNOTATION,placeholder_manifest,NOT_A_DIAGNOSIS
goat_0583,train,goat_0583.jpg,healthy,rear,low_light,close,goat,NEEDS_REAL_IMAGE_ANNOTATION,placeholder_manifest,NOT_A_DIAGNOSIS
goat_0584,train,goat_0584.jpg,skin_lesion,rear,good,far,goat|skin_lesion,NEEDS_REAL_IMAGE_ANNOTATION,placeholder_manifest,NOT_A_DIAGNOSIS
goat_0585,train,goat_0585.jpg,healthy,side_left,good,close,goat,NEEDS_REAL_IMAGE_ANNOTATION,placeholder_manifest,NOT_A_DIAGNOSIS
goat_0586,train,goat_0586.jpg,healthy,rear,indoor,far,goat,NEEDS_REAL_IMAGE_ANNOTATION,placeholder_manifest,NOT_A_DIAGNOSIS
goat_0587,train,goat_0587.jpg,healthy,side_right,good,close,goat,NEEDS_REAL_IMAGE_ANNOTATION,placeholder_manifest,NOT_A_DIAGNOSIS
goat_0588,train,goat_0588.jpg,healthy,side_right,low_light,medium,goat,NEEDS_REAL_IMAGE_ANNOTATION,placeholder_manifest,NOT_A_DIAGNOSIS
goat_0589,train,goat_0589.jpg,abnormal_posture,front,indoor,close,goat|abnormal_posture,NEEDS_REAL_IMAGE_ANNOTATION,placeholder_manifest,NOT_A_DIAGNOSIS
goat_0590,train,goat_0590.jpg,healthy,rear,low_light,close,goat,NEEDS_REAL_IMAGE_ANNOTATION,placeholder_manifest,NOT_A_DIAGNOSIS
goat_0591,train,goat_0591.jpg,healthy,side_right,good,far,goat,NEEDS_REAL_IMAGE_ANNOTATION,placeholder_manifest,NOT_A_DIAGNOSIS
goat_0592,train,goat_0592.jpg,nasal_discharge,side_right,low_light,close,goat|nasal_discharge,NEEDS_REAL_IMAGE_ANNOTATION,placeholder_manifest,NOT_A_DIAGNOSIS
goat_0593,train,goat_0593.jpg,healthy,rear,good,far,goat,NEEDS_REAL_IMAGE_ANNOTATION,placeholder_manifest,NOT_A_DIAGNOSIS
goat_0594,train,goat_0594.jpg,possible_lameness,side_left,indoor,far,goat|possible_lameness,NEEDS_REAL_IMAGE_ANNOTATION,placeholder_manifest,NOT_A_DIAGNOSIS
goat_0595,train,goat_0595.jpg,healthy,side_left,outdoor,medium,goat,NEEDS_REAL_IMAGE_ANNOTATION,placeholder_manifest,NOT_A_DIAGNOSIS
goat_0596,train,goat_0596.jpg,healthy,side_left,good,close,goat,NEEDS_REAL_IMAGE_ANNOTATION,placeholder_manifest,NOT_A_DIAGNOSIS
goat_0597,train,goat_0597.jpg,eye_discharge,rear,outdoor,medium,goat|eye_discharge,NEEDS_REAL_IMAGE_ANNOTATION,placeholder_manifest,NOT_A_DIAGNOSIS
goat_0598,train,goat_0598.jpg,abnormal_posture,side_right,outdoor,close,goat|abnormal_posture,NEEDS_REAL_IMAGE_ANNOTATION,placeholder_manifest,NOT_A_DIAGNOSIS
goat_0599,train,goat_0599.jpg,skin_lesion,rear,indoor,medium,goat|skin_lesion,NEEDS_REAL_IMAGE_ANNOTATION,placeholder_manifest,NOT_A_DIAGNOSIS
goat_0600,train,goat_0600.jpg,healthy,side_right,good,medium,goat,NEEDS_REAL_IMAGE_ANNOTATION,placeholder_manifest,NOT_A_DIAGNOSIS
goat_0601,train,goat_0601.jpg,healthy,rear,outdoor,medium,goat,NEEDS_REAL_IMAGE_ANNOTATION,placeholder_manifest,NOT_A_DIAGNOSIS
goat_0602,train,goat_0602.jpg,healthy,side_left,outdoor,medium,goat,NEEDS_REAL_IMAGE_ANNOTATION,placeholder_manifest,NOT_A_DIAGNOSIS
goat_0603,train,goat_0603.jpg,nasal_discharge,side_left,low_light,medium,goat|nasal_discharge,NEEDS_REAL_IMAGE_ANNOTATION,placeholder_manifest,NOT_A_DIAGNOSIS
goat_0604,train,goat_0604.jpg,healthy,rear,outdoor,medium,goat,NEEDS_REAL_IMAGE_ANNOTATION,placeholder_manifest,NOT_A_DIAGNOSIS
goat_0605,train,goat_0605.jpg,skin_lesion,rear,indoor,medium,goat|skin_lesion,NEEDS_REAL_IMAGE_ANNOTATION,placeholder_manifest,NOT_A_DIAGNOSIS
goat_0606,train,goat_0606.jpg,healthy,rear,outdoor,close,goat,NEEDS_REAL_IMAGE_ANNOTATION,placeholder_manifest,NOT_A_DIAGNOSIS
goat_0607,train,goat_0607.jpg,possible_lameness,side_left,indoor,far,goat|possible_lameness,NEEDS_REAL_IMAGE_ANNOTATION,placeholder_manifest,NOT_A_DIAGNOSIS
goat_0608,train,goat_0608.jpg,abnormal_posture,front,low_light,far,goat|abnormal_posture,NEEDS_REAL_IMAGE_ANNOTATION,placeholder_manifest,NOT_A_DIAGNOSIS
goat_0609,train,goat_0609.jpg,healthy,side_right,good,medium,goat,NEEDS_REAL_IMAGE_ANNOTATION,placeholder_manifest,NOT_A_DIAGNOSIS
goat_0610,train,goat_0610.jpg,skin_lesion,side_left,outdoor,close,goat|skin_lesion,NEEDS_REAL_IMAGE_ANNOTATION,placeholder_manifest,NOT_A_DIAGNOSIS
goat_0611,train,goat_0611.jpg,healthy,side_left,low_light,medium,goat,NEEDS_REAL_IMAGE_ANNOTATION,placeholder_manifest,NOT_A_DIAGNOSIS
goat_0612,train,goat_0612.jpg,healthy,rear,low_light,far,goat,NEEDS_REAL_IMAGE_ANNOTATION,placeholder_manifest,NOT_A_DIAGNOSIS
goat_0613,train,goat_0613.jpg,eye_discharge,rear,good,medium,goat|eye_discharge,NEEDS_REAL_IMAGE_ANNOTATION,placeholder_manifest,NOT_A_DIAGNOSIS
goat_0614,train,goat_0614.jpg,skin_lesion,front,good,close,goat|skin_lesion,NEEDS_REAL_IMAGE_ANNOTATION,placeholder_manifest,NOT_A_DIAGNOSIS
goat_0615,train,goat_0615.jpg,skin_lesion,side_right,indoor,far,goat|skin_lesion,NEEDS_REAL_IMAGE_ANNOTATION,placeholder_manifest,NOT_A_DIAGNOSIS
goat_0616,train,goat_0616.jpg,nasal_discharge,rear,outdoor,medium,goat|nasal_discharge,NEEDS_REAL_IMAGE_ANNOTATION,placeholder_manifest,NOT_A_DIAGNOSIS
goat_0617,train,goat_0617.jpg,healthy,front,outdoor,close,goat,NEEDS_REAL_IMAGE_ANNOTATION,placeholder_manifest,NOT_A_DIAGNOSIS
goat_0618,train,goat_0618.jpg,eye_discharge,side_left,low_light,medium,goat|eye_discharge,NEEDS_REAL_IMAGE_ANNOTATION,placeholder_manifest,NOT_A_DIAGNOSIS
goat_0619,train,goat_0619.jpg,healthy,side_left,outdoor,close,goat,NEEDS_REAL_IMAGE_ANNOTATION,placeholder_manifest,NOT_A_DIAGNOSIS
goat_0620,train,goat_0620.jpg,eye_discharge,side_right,low_light,close,goat|eye_discharge,NEEDS_REAL_IMAGE_ANNOTATION,placeholder_manifest,NOT_A_DIAGNOSIS
goat_0621,train,goat_0621.jpg,healthy,side_left,outdoor,medium,goat,NEEDS_REAL_IMAGE_ANNOTATION,placeholder_manifest,NOT_A_DIAGNOSIS
goat_0622,train,goat_0622.jpg,healthy,side_left,low_light,medium,goat,NEEDS_REAL_IMAGE_ANNOTATION,placeholder_manifest,NOT_A_DIAGNOSIS
goat_0623,train,goat_0623.jpg,eye_discharge,rear,low_light,medium,goat|eye_discharge,NEEDS_REAL_IMAGE_ANNOTATION,placeholder_manifest,NOT_A_DIAGNOSIS
goat_0624,train,goat_0624.jpg,healthy,front,good,close,goat,NEEDS_REAL_IMAGE_ANNOTATION,placeholder_manifest,NOT_A_DIAGNOSIS
goat_0625,train,goat_0625.jpg,possible_lameness,front,indoor,far,goat|possible_lameness,NEEDS_REAL_IMAGE_ANNOTATION,placeholder_manifest,NOT_A_DIAGNOSIS
goat_0626,train,goat_0626.jpg,healthy,side_left,indoor,medium,goat,NEEDS_REAL_IMAGE_ANNOTATION,placeholder_manifest,NOT_A_DIAGNOSIS
goat_0627,train,goat_0627.jpg,nasal_discharge,rear,indoor,medium,goat|nasal_discharge,NEEDS_REAL_IMAGE_ANNOTATION,placeholder_manifest,NOT_A_DIAGNOSIS
goat_0628,train,goat_0628.jpg,skin_lesion,side_left,low_light,medium,goat|skin_lesion,NEEDS_REAL_IMAGE_ANNOTATION,placeholder_manifest,NOT_A_DIAGNOSIS
goat_0629,train,goat_0629.jpg,healthy,side_left,low_light,far,goat,NEEDS_REAL_IMAGE_ANNOTATION,placeholder_manifest,NOT_A_DIAGNOSIS
goat_0630,train,goat_0630.jpg,eye_discharge,front,indoor,close,goat|eye_discharge,NEEDS_REAL_IMAGE_ANNOTATION,placeholder_manifest,NOT_A_DIAGNOSIS
goat_0631,train,goat_0631.jpg,healthy,front,good,far,goat,NEEDS_REAL_IMAGE_ANNOTATION,placeholder_manifest,NOT_A_DIAGNOSIS
goat_0632,train,goat_0632.jpg,healthy,side_right,indoor,medium,goat,NEEDS_REAL_IMAGE_ANNOTATION,placeholder_manifest,NOT_A_DIAGNOSIS
goat_0633,train,goat_0633.jpg,healthy,rear,outdoor,far,goat,NEEDS_REAL_IMAGE_ANNOTATION,placeholder_manifest,NOT_A_DIAGNOSIS
goat_0634,train,goat_0634.jpg,healthy,rear,good,medium,goat,NEEDS_REAL_IMAGE_ANNOTATION,placeholder_manifest,NOT_A_DIAGNOSIS
goat_0635,train,goat_0635.jpg,healthy,rear,indoor,far,goat,NEEDS_REAL_IMAGE_ANNOTATION,placeholder_manifest,NOT_A_DIAGNOSIS
goat_0636,train,goat_0636.jpg,skin_lesion,side_right,good,far,goat|skin_lesion,NEEDS_REAL_IMAGE_ANNOTATION,placeholder_manifest,NOT_A_DIAGNOSIS
goat_0637,train,goat_0637.jpg,healthy,front,indoor,medium,goat,NEEDS_REAL_IMAGE_ANNOTATION,placeholder_manifest,NOT_A_DIAGNOSIS
goat_0638,train,goat_0638.jpg,healthy,side_right,indoor,far,goat,NEEDS_REAL_IMAGE_ANNOTATION,placeholder_manifest,NOT_A_DIAGNOSIS
goat_0639,train,goat_0639.jpg,healthy,side_left,low_light,medium,goat,NEEDS_REAL_IMAGE_ANNOTATION,placeholder_manifest,NOT_A_DIAGNOSIS
goat_0640,train,goat_0640.jpg,healthy,side_left,indoor,medium,goat,NEEDS_REAL_IMAGE_ANNOTATION,placeholder_manifest,NOT_A_DIAGNOSIS
goat_0641,train,goat_0641.jpg,healthy,side_left,outdoor,medium,goat,NEEDS_REAL_IMAGE_ANNOTATION,placeholder_manifest,NOT_A_DIAGNOSIS
goat_0642,train,goat_0642.jpg,nasal_discharge,side_right,good,medium,goat|nasal_discharge,NEEDS_REAL_IMAGE_ANNOTATION,placeholder_manifest,NOT_A_DIAGNOSIS
goat_0643,train,goat_0643.jpg,healthy,rear,low_light,medium,goat,NEEDS_REAL_IMAGE_ANNOTATION,placeholder_manifest,NOT_A_DIAGNOSIS
goat_0644,train,goat_0644.jpg,skin_lesion,rear,low_light,medium,goat|skin_lesion,NEEDS_REAL_IMAGE_ANNOTATION,placeholder_manifest,NOT_A_DIAGNOSIS
goat_0645,train,goat_0645.jpg,healthy,front,indoor,medium,goat,NEEDS_REAL_IMAGE_ANNOTATION,placeholder_manifest,NOT_A_DIAGNOSIS
goat_0646,train,goat_0646.jpg,healthy,side_left,outdoor,close,goat,NEEDS_REAL_IMAGE_ANNOTATION,placeholder_manifest,NOT_A_DIAGNOSIS
goat_0647,train,goat_0647.jpg,abnormal_posture,rear,good,far,goat|abnormal_posture,NEEDS_REAL_IMAGE_ANNOTATION,placeholder_manifest,NOT_A_DIAGNOSIS
goat_0648,train,goat_0648.jpg,healthy,side_right,good,far,goat,NEEDS_REAL_IMAGE_ANNOTATION,placeholder_manifest,NOT_A_DIAGNOSIS
goat_0649,train,goat_0649.jpg,eye_discharge,side_left,low_light,close,goat|eye_discharge,NEEDS_REAL_IMAGE_ANNOTATION,placeholder_manifest,NOT_A_DIAGNOSIS
goat_0650,train,goat_0650.jpg,skin_lesion,side_left,outdoor,close,goat|skin_lesion,NEEDS_REAL_IMAGE_ANNOTATION,placeholder_manifest,NOT_A_DIAGNOSIS
goat_0651,train,goat_0651.jpg,eye_discharge,side_right,good,medium,goat|eye_discharge,NEEDS_REAL_IMAGE_ANNOTATION,placeholder_manifest,NOT_A_DIAGNOSIS
goat_0652,train,goat_0652.jpg,possible_lameness,front,indoor,close,goat|possible_lameness,NEEDS_REAL_IMAGE_ANNOTATION,placeholder_manifest,NOT_A_DIAGNOSIS
goat_0653,train,goat_0653.jpg,abnormal_posture,side_right,low_light,close,goat|abnormal_posture,NEEDS_REAL_IMAGE_ANNOTATION,placeholder_manifest,NOT_A_DIAGNOSIS
goat_0654,train,goat_0654.jpg,nasal_discharge,side_left,indoor,close,goat|nasal_discharge,NEEDS_REAL_IMAGE_ANNOTATION,placeholder_manifest,NOT_A_DIAGNOSIS
goat_0655,train,goat_0655.jpg,nasal_discharge,side_right,indoor,medium,goat|nasal_discharge,NEEDS_REAL_IMAGE_ANNOTATION,placeholder_manifest,NOT_A_DIAGNOSIS
goat_0656,train,goat_0656.jpg,multiple_visible_signs,side_right,outdoor,far,goat|skin_lesion|eye_discharge,NEEDS_REAL_IMAGE_ANNOTATION,placeholder_manifest,NOT_A_DIAGNOSIS
goat_0657,train,goat_0657.jpg,healthy,rear,good,medium,goat,NEEDS_REAL_IMAGE_ANNOTATION,placeholder_manifest,NOT_A_DIAGNOSIS
goat_0658,train,goat_0658.jpg,possible_lameness,side_left,indoor,close,goat|possible_lameness,NEEDS_REAL_IMAGE_ANNOTATION,placeholder_manifest,NOT_A_DIAGNOSIS
goat_0659,train,goat_0659.jpg,healthy,side_right,indoor,far,goat,NEEDS_REAL_IMAGE_ANNOTATION,placeholder_manifest,NOT_A_DIAGNOSIS
goat_0660,train,goat_0660.jpg,healthy,side_left,outdoor,far,goat,NEEDS_REAL_IMAGE_ANNOTATION,placeholder_manifest,NOT_A_DIAGNOSIS
goat_0661,train,goat_0661.jpg,eye_discharge,rear,good,far,goat|eye_discharge,NEEDS_REAL_IMAGE_ANNOTATION,placeholder_manifest,NOT_A_DIAGNOSIS
goat_0662,train,goat_0662.jpg,abnormal_posture,front,low_light,far,goat|abnormal_posture,NEEDS_REAL_IMAGE_ANNOTATION,placeholder_manifest,NOT_A_DIAGNOSIS
goat_0663,train,goat_0663.jpg,abnormal_posture,side_right,low_light,medium,goat|abnormal_posture,NEEDS_REAL_IMAGE_ANNOTATION,placeholder_manifest,NOT_A_DIAGNOSIS
goat_0664,train,goat_0664.jpg,healthy,front,good,far,goat,NEEDS_REAL_IMAGE_ANNOTATION,placeholder_manifest,NOT_A_DIAGNOSIS
goat_0665,train,goat_0665.jpg,multiple_visible_signs,side_right,good,far,goat|abnormal_posture|nasal_discharge,NEEDS_REAL_IMAGE_ANNOTATION,placeholder_manifest,NOT_A_DIAGNOSIS
goat_0666,train,goat_0666.jpg,multiple_visible_signs,side_left,low_light,medium,goat|skin_lesion|possible_lameness,NEEDS_REAL_IMAGE_ANNOTATION,placeholder_manifest,NOT_A_DIAGNOSIS
goat_0667,train,goat_0667.jpg,healthy,side_left,low_light,medium,goat,NEEDS_REAL_IMAGE_ANNOTATION,placeholder_manifest,NOT_A_DIAGNOSIS
goat_0668,train,goat_0668.jpg,possible_lameness,front,good,close,goat|possible_lameness,NEEDS_REAL_IMAGE_ANNOTATION,placeholder_manifest,NOT_A_DIAGNOSIS
goat_0669,train,goat_0669.jpg,skin_lesion,rear,good,close,goat|skin_lesion,NEEDS_REAL_IMAGE_ANNOTATION,placeholder_manifest,NOT_A_DIAGNOSIS
goat_0670,train,goat_0670.jpg,possible_lameness,side_left,low_light,medium,goat|possible_lameness,NEEDS_REAL_IMAGE_ANNOTATION,placeholder_manifest,NOT_A_DIAGNOSIS
goat_0671,train,goat_0671.jpg,healthy,rear,indoor,far,goat,NEEDS_REAL_IMAGE_ANNOTATION,placeholder_manifest,NOT_A_DIAGNOSIS
goat_0672,train,goat_0672.jpg,possible_lameness,side_right,indoor,medium,goat|possible_lameness,NEEDS_REAL_IMAGE_ANNOTATION,placeholder_manifest,NOT_A_DIAGNOSIS
goat_0673,train,goat_0673.jpg,healthy,side_right,outdoor,close,goat,NEEDS_REAL_IMAGE_ANNOTATION,placeholder_manifest,NOT_A_DIAGNOSIS
goat_0674,train,goat_0674.jpg,healthy,side_left,good,medium,goat,NEEDS_REAL_IMAGE_ANNOTATION,placeholder_manifest,NOT_A_DIAGNOSIS
goat_0675,train,goat_0675.jpg,skin_lesion,side_left,low_light,far,goat|skin_lesion,NEEDS_REAL_IMAGE_ANNOTATION,placeholder_manifest,NOT_A_DIAGNOSIS
goat_0676,train,goat_0676.jpg,healthy,front,good,close,goat,NEEDS_REAL_IMAGE_ANNOTATION,placeholder_manifest,NOT_A_DIAGNOSIS
goat_0677,train,goat_0677.jpg,eye_discharge,side_left,indoor,far,goat|eye_discharge,NEEDS_REAL_IMAGE_ANNOTATION,placeholder_manifest,NOT_A_DIAGNOSIS
goat_0678,train,goat_0678.jpg,skin_lesion,front,good,far,goat|skin_lesion,NEEDS_REAL_IMAGE_ANNOTATION,placeholder_manifest,NOT_A_DIAGNOSIS
goat_0679,train,goat_0679.jpg,healthy,front,low_light,far,goat,NEEDS_REAL_IMAGE_ANNOTATION,placeholder_manifest,NOT_A_DIAGNOSIS
goat_0680,train,goat_0680.jpg,healthy,front,indoor,medium,goat,NEEDS_REAL_IMAGE_ANNOTATION,placeholder_manifest,NOT_A_DIAGNOSIS
goat_0681,train,goat_0681.jpg,healthy,front,good,medium,goat,NEEDS_REAL_IMAGE_ANNOTATION,placeholder_manifest,NOT_A_DIAGNOSIS
goat_0682,train,goat_0682.jpg,healthy,side_right,indoor,medium,goat,NEEDS_REAL_IMAGE_ANNOTATION,placeholder_manifest,NOT_A_DIAGNOSIS
goat_0683,train,goat_0683.jpg,abnormal_posture,side_left,indoor,close,goat|abnormal_posture,NEEDS_REAL_IMAGE_ANNOTATION,placeholder_manifest,NOT_A_DIAGNOSIS
goat_0684,train,goat_0684.jpg,nasal_discharge,front,indoor,medium,goat|nasal_discharge,NEEDS_REAL_IMAGE_ANNOTATION,placeholder_manifest,NOT_A_DIAGNOSIS
goat_0685,train,goat_0685.jpg,healthy,side_left,indoor,medium,goat,NEEDS_REAL_IMAGE_ANNOTATION,placeholder_manifest,NOT_A_DIAGNOSIS
goat_0686,train,goat_0686.jpg,nasal_discharge,rear,indoor,close,goat|nasal_discharge,NEEDS_REAL_IMAGE_ANNOTATION,placeholder_manifest,NOT_A_DIAGNOSIS
goat_0687,train,goat_0687.jpg,possible_lameness,side_left,good,far,goat|possible_lameness,NEEDS_REAL_IMAGE_ANNOTATION,placeholder_manifest,NOT_A_DIAGNOSIS
goat_0688,train,goat_0688.jpg,skin_lesion,side_right,low_light,medium,goat|skin_lesion,NEEDS_REAL_IMAGE_ANNOTATION,placeholder_manifest,NOT_A_DIAGNOSIS
goat_0689,train,goat_0689.jpg,abnormal_posture,side_left,outdoor,far,goat|abnormal_posture,NEEDS_REAL_IMAGE_ANNOTATION,placeholder_manifest,NOT_A_DIAGNOSIS
goat_0690,train,goat_0690.jpg,healthy,side_right,good,far,goat,NEEDS_REAL_IMAGE_ANNOTATION,placeholder_manifest,NOT_A_DIAGNOSIS
goat_0691,train,goat_0691.jpg,possible_lameness,side_left,indoor,far,goat|possible_lameness,NEEDS_REAL_IMAGE_ANNOTATION,placeholder_manifest,NOT_A_DIAGNOSIS
goat_0692,train,goat_0692.jpg,healthy,front,indoor,medium,goat,NEEDS_REAL_IMAGE_ANNOTATION,placeholder_manifest,NOT_A_DIAGNOSIS
goat_0693,train,goat_0693.jpg,healthy,side_left,low_light,far,goat,NEEDS_REAL_IMAGE_ANNOTATION,placeholder_manifest,NOT_A_DIAGNOSIS
goat_0694,train,goat_0694.jpg,nasal_discharge,front,outdoor,medium,goat|nasal_discharge,NEEDS_REAL_IMAGE_ANNOTATION,placeholder_manifest,NOT_A_DIAGNOSIS
goat_0695,train,goat_0695.jpg,healthy,rear,outdoor,far,goat,NEEDS_REAL_IMAGE_ANNOTATION,placeholder_manifest,NOT_A_DIAGNOSIS
goat_0696,train,goat_0696.jpg,skin_lesion,rear,good,close,goat|skin_lesion,NEEDS_REAL_IMAGE_ANNOTATION,placeholder_manifest,NOT_A_DIAGNOSIS
goat_0697,train,goat_0697.jpg,nasal_discharge,front,outdoor,close,goat|nasal_discharge,NEEDS_REAL_IMAGE_ANNOTATION,placeholder_manifest,NOT_A_DIAGNOSIS
goat_0698,train,goat_0698.jpg,healthy,front,low_light,far,goat,NEEDS_REAL_IMAGE_ANNOTATION,placeholder_manifest,NOT_A_DIAGNOSIS
goat_0699,train,goat_0699.jpg,healthy,rear,low_light,far,goat,NEEDS_REAL_IMAGE_ANNOTATION,placeholder_manifest,NOT_A_DIAGNOSIS
goat_0700,train,goat_0700.jpg,eye_discharge,side_left,outdoor,close,goat|eye_discharge,NEEDS_REAL_IMAGE_ANNOTATION,placeholder_manifest,NOT_A_DIAGNOSIS
goat_0701,train,goat_0701.jpg,healthy,side_left,indoor,far,goat,NEEDS_REAL_IMAGE_ANNOTATION,placeholder_manifest,NOT_A_DIAGNOSIS
goat_0702,train,goat_0702.jpg,healthy,front,outdoor,far,goat,NEEDS_REAL_IMAGE_ANNOTATION,placeholder_manifest,NOT_A_DIAGNOSIS
goat_0703,train,goat_0703.jpg,eye_discharge,side_left,good,close,goat|eye_discharge,NEEDS_REAL_IMAGE_ANNOTATION,placeholder_manifest,NOT_A_DIAGNOSIS
goat_0704,train,goat_0704.jpg,healthy,rear,good,medium,goat,NEEDS_REAL_IMAGE_ANNOTATION,placeholder_manifest,NOT_A_DIAGNOSIS
goat_0705,train,goat_0705.jpg,nasal_discharge,front,outdoor,far,goat|nasal_discharge,NEEDS_REAL_IMAGE_ANNOTATION,placeholder_manifest,NOT_A_DIAGNOSIS
goat_0706,train,goat_0706.jpg,abnormal_posture,side_left,good,close,goat|abnormal_posture,NEEDS_REAL_IMAGE_ANNOTATION,placeholder_manifest,NOT_A_DIAGNOSIS
goat_0707,train,goat_0707.jpg,skin_lesion,front,indoor,medium,goat|skin_lesion,NEEDS_REAL_IMAGE_ANNOTATION,placeholder_manifest,NOT_A_DIAGNOSIS
goat_0708,train,goat_0708.jpg,multiple_visible_signs,side_right,indoor,medium,goat|nasal_discharge|skin_lesion,NEEDS_REAL_IMAGE_ANNOTATION,placeholder_manifest,NOT_A_DIAGNOSIS
goat_0709,train,goat_0709.jpg,skin_lesion,front,good,medium,goat|skin_lesion,NEEDS_REAL_IMAGE_ANNOTATION,placeholder_manifest,NOT_A_DIAGNOSIS
goat_0710,train,goat_0710.jpg,abnormal_posture,side_right,good,medium,goat|abnormal_posture,NEEDS_REAL_IMAGE_ANNOTATION,placeholder_manifest,NOT_A_DIAGNOSIS
goat_0711,train,goat_0711.jpg,skin_lesion,front,low_light,medium,goat|skin_lesion,NEEDS_REAL_IMAGE_ANNOTATION,placeholder_manifest,NOT_A_DIAGNOSIS
goat_0712,train,goat_0712.jpg,eye_discharge,front,low_light,far,goat|eye_discharge,NEEDS_REAL_IMAGE_ANNOTATION,placeholder_manifest,NOT_A_DIAGNOSIS
goat_0713,train,goat_0713.jpg,healthy,side_left,outdoor,close,goat,NEEDS_REAL_IMAGE_ANNOTATION,placeholder_manifest,NOT_A_DIAGNOSIS
goat_0714,train,goat_0714.jpg,possible_lameness,front,indoor,far,goat|possible_lameness,NEEDS_REAL_IMAGE_ANNOTATION,placeholder_manifest,NOT_A_DIAGNOSIS
goat_0715,train,goat_0715.jpg,eye_discharge,front,good,close,goat|eye_discharge,NEEDS_REAL_IMAGE_ANNOTATION,placeholder_manifest,NOT_A_DIAGNOSIS
goat_0716,train,goat_0716.jpg,healthy,side_right,low_light,close,goat,NEEDS_REAL_IMAGE_ANNOTATION,placeholder_manifest,NOT_A_DIAGNOSIS
goat_0717,train,goat_0717.jpg,healthy,front,low_light,close,goat,NEEDS_REAL_IMAGE_ANNOTATION,placeholder_manifest,NOT_A_DIAGNOSIS
goat_0718,train,goat_0718.jpg,healthy,rear,outdoor,medium,goat,NEEDS_REAL_IMAGE_ANNOTATION,placeholder_manifest,NOT_A_DIAGNOSIS
goat_0719,train,goat_0719.jpg,abnormal_posture,side_right,good,far,goat|abnormal_posture,NEEDS_REAL_IMAGE_ANNOTATION,placeholder_manifest,NOT_A_DIAGNOSIS
goat_0720,train,goat_0720.jpg,skin_lesion,front,indoor,close,goat|skin_lesion,NEEDS_REAL_IMAGE_ANNOTATION,placeholder_manifest,NOT_A_DIAGNOSIS
goat_0721,train,goat_0721.jpg,abnormal_posture,front,low_light,close,goat|abnormal_posture,NEEDS_REAL_IMAGE_ANNOTATION,placeholder_manifest,NOT_A_DIAGNOSIS
goat_0722,train,goat_0722.jpg,possible_lameness,side_right,outdoor,medium,goat|possible_lameness,NEEDS_REAL_IMAGE_ANNOTATION,placeholder_manifest,NOT_A_DIAGNOSIS
goat_0723,train,goat_0723.jpg,healthy,rear,good,medium,goat,NEEDS_REAL_IMAGE_ANNOTATION,placeholder_manifest,NOT_A_DIAGNOSIS
goat_0724,train,goat_0724.jpg,healthy,side_right,indoor,medium,goat,NEEDS_REAL_IMAGE_ANNOTATION,placeholder_manifest,NOT_A_DIAGNOSIS
goat_0725,train,goat_0725.jpg,healthy,rear,indoor,far,goat,NEEDS_REAL_IMAGE_ANNOTATION,placeholder_manifest,NOT_A_DIAGNOSIS
goat_0726,train,goat_0726.jpg,possible_lameness,side_left,indoor,close,goat|possible_lameness,NEEDS_REAL_IMAGE_ANNOTATION,placeholder_manifest,NOT_A_DIAGNOSIS
goat_0727,train,goat_0727.jpg,possible_lameness,front,indoor,far,goat|possible_lameness,NEEDS_REAL_IMAGE_ANNOTATION,placeholder_manifest,NOT_A_DIAGNOSIS
goat_0728,train,goat_0728.jpg,healthy,front,outdoor,close,goat,NEEDS_REAL_IMAGE_ANNOTATION,placeholder_manifest,NOT_A_DIAGNOSIS
goat_0729,train,goat_0729.jpg,abnormal_posture,rear,outdoor,close,goat|abnormal_posture,NEEDS_REAL_IMAGE_ANNOTATION,placeholder_manifest,NOT_A_DIAGNOSIS
goat_0730,train,goat_0730.jpg,healthy,side_left,low_light,medium,goat,NEEDS_REAL_IMAGE_ANNOTATION,placeholder_manifest,NOT_A_DIAGNOSIS
goat_0731,train,goat_0731.jpg,multiple_visible_signs,side_left,outdoor,close,goat|eye_discharge|nasal_discharge,NEEDS_REAL_IMAGE_ANNOTATION,placeholder_manifest,NOT_A_DIAGNOSIS
goat_0732,train,goat_0732.jpg,possible_lameness,rear,outdoor,medium,goat|possible_lameness,NEEDS_REAL_IMAGE_ANNOTATION,placeholder_manifest,NOT_A_DIAGNOSIS
goat_0733,train,goat_0733.jpg,multiple_visible_signs,front,good,far,goat|nasal_discharge|abnormal_posture,NEEDS_REAL_IMAGE_ANNOTATION,placeholder_manifest,NOT_A_DIAGNOSIS
goat_0734,train,goat_0734.jpg,healthy,front,low_light,far,goat,NEEDS_REAL_IMAGE_ANNOTATION,placeholder_manifest,NOT_A_DIAGNOSIS
goat_0735,train,goat_0735.jpg,multiple_visible_signs,side_left,outdoor,medium,goat|skin_lesion|abnormal_posture,NEEDS_REAL_IMAGE_ANNOTATION,placeholder_manifest,NOT_A_DIAGNOSIS
goat_0736,train,goat_0736.jpg,skin_lesion,side_right,outdoor,medium,goat|skin_lesion,NEEDS_REAL_IMAGE_ANNOTATION,placeholder_manifest,NOT_A_DIAGNOSIS
goat_0737,train,goat_0737.jpg,healthy,front,indoor,close,goat,NEEDS_REAL_IMAGE_ANNOTATION,placeholder_manifest,NOT_A_DIAGNOSIS
goat_0738,train,goat_0738.jpg,abnormal_posture,front,indoor,close,goat|abnormal_posture,NEEDS_REAL_IMAGE_ANNOTATION,placeholder_manifest,NOT_A_DIAGNOSIS
goat_0739,train,goat_0739.jpg,healthy,rear,outdoor,medium,goat,NEEDS_REAL_IMAGE_ANNOTATION,placeholder_manifest,NOT_A_DIAGNOSIS
goat_0740,train,goat_0740.jpg,healthy,side_right,indoor,medium,goat,NEEDS_REAL_IMAGE_ANNOTATION,placeholder_manifest,NOT_A_DIAGNOSIS
goat_0741,train,goat_0741.jpg,healthy,side_right,good,close,goat,NEEDS_REAL_IMAGE_ANNOTATION,placeholder_manifest,NOT_A_DIAGNOSIS
goat_0742,train,goat_0742.jpg,healthy,side_right,good,close,goat,NEEDS_REAL_IMAGE_ANNOTATION,placeholder_manifest,NOT_A_DIAGNOSIS
goat_0743,train,goat_0743.jpg,abnormal_posture,side_right,indoor,close,goat|abnormal_posture,NEEDS_REAL_IMAGE_ANNOTATION,placeholder_manifest,NOT_A_DIAGNOSIS
goat_0744,train,goat_0744.jpg,skin_lesion,side_right,low_light,far,goat|skin_lesion,NEEDS_REAL_IMAGE_ANNOTATION,placeholder_manifest,NOT_A_DIAGNOSIS
goat_0745,train,goat_0745.jpg,healthy,side_right,outdoor,close,goat,NEEDS_REAL_IMAGE_ANNOTATION,placeholder_manifest,NOT_A_DIAGNOSIS
goat_0746,train,goat_0746.jpg,healthy,rear,low_light,far,goat,NEEDS_REAL_IMAGE_ANNOTATION,placeholder_manifest,NOT_A_DIAGNOSIS
goat_0747,train,goat_0747.jpg,abnormal_posture,side_left,good,medium,goat|abnormal_posture,NEEDS_REAL_IMAGE_ANNOTATION,placeholder_manifest,NOT_A_DIAGNOSIS
goat_0748,train,goat_0748.jpg,healthy,side_left,good,close,goat,NEEDS_REAL_IMAGE_ANNOTATION,placeholder_manifest,NOT_A_DIAGNOSIS
goat_0749,train,goat_0749.jpg,healthy,side_left,indoor,close,goat,NEEDS_REAL_IMAGE_ANNOTATION,placeholder_manifest,NOT_A_DIAGNOSIS
goat_0750,train,goat_0750.jpg,abnormal_posture,side_right,good,far,goat|abnormal_posture,NEEDS_REAL_IMAGE_ANNOTATION,placeholder_manifest,NOT_A_DIAGNOSIS
goat_0751,train,goat_0751.jpg,nasal_discharge,front,good,close,goat|nasal_discharge,NEEDS_REAL_IMAGE_ANNOTATION,placeholder_manifest,NOT_A_DIAGNOSIS
goat_0752,train,goat_0752.jpg,healthy,rear,indoor,close,goat,NEEDS_REAL_IMAGE_ANNOTATION,placeholder_manifest,NOT_A_DIAGNOSIS
goat_0753,train,goat_0753.jpg,possible_lameness,side_right,good,close,goat|possible_lameness,NEEDS_REAL_IMAGE_ANNOTATION,placeholder_manifest,NOT_A_DIAGNOSIS
goat_0754,train,goat_0754.jpg,multiple_visible_signs,front,indoor,far,goat|abnormal_posture|possible_lameness,NEEDS_REAL_IMAGE_ANNOTATION,placeholder_manifest,NOT_A_DIAGNOSIS
goat_0755,train,goat_0755.jpg,eye_discharge,rear,low_light,close,goat|eye_discharge,NEEDS_REAL_IMAGE_ANNOTATION,placeholder_manifest,NOT_A_DIAGNOSIS
goat_0756,train,goat_0756.jpg,healthy,side_left,outdoor,medium,goat,NEEDS_REAL_IMAGE_ANNOTATION,placeholder_manifest,NOT_A_DIAGNOSIS
goat_0757,train,goat_0757.jpg,eye_discharge,side_left,good,far,goat|eye_discharge,NEEDS_REAL_IMAGE_ANNOTATION,placeholder_manifest,NOT_A_DIAGNOSIS
goat_0758,train,goat_0758.jpg,nasal_discharge,side_left,outdoor,medium,goat|nasal_discharge,NEEDS_REAL_IMAGE_ANNOTATION,placeholder_manifest,NOT_A_DIAGNOSIS
goat_0759,train,goat_0759.jpg,eye_discharge,rear,good,close,goat|eye_discharge,NEEDS_REAL_IMAGE_ANNOTATION,placeholder_manifest,NOT_A_DIAGNOSIS
goat_0760,train,goat_0760.jpg,healthy,side_left,low_light,close,goat,NEEDS_REAL_IMAGE_ANNOTATION,placeholder_manifest,NOT_A_DIAGNOSIS
goat_0761,train,goat_0761.jpg,skin_lesion,side_left,good,medium,goat|skin_lesion,NEEDS_REAL_IMAGE_ANNOTATION,placeholder_manifest,NOT_A_DIAGNOSIS
goat_0762,train,goat_0762.jpg,abnormal_posture,side_right,low_light,far,goat|abnormal_posture,NEEDS_REAL_IMAGE_ANNOTATION,placeholder_manifest,NOT_A_DIAGNOSIS
goat_0763,train,goat_0763.jpg,abnormal_posture,side_right,outdoor,medium,goat|abnormal_posture,NEEDS_REAL_IMAGE_ANNOTATION,placeholder_manifest,NOT_A_DIAGNOSIS
goat_0764,train,goat_0764.jpg,healthy,front,outdoor,far,goat,NEEDS_REAL_IMAGE_ANNOTATION,placeholder_manifest,NOT_A_DIAGNOSIS
goat_0765,train,goat_0765.jpg,healthy,side_right,good,medium,goat,NEEDS_REAL_IMAGE_ANNOTATION,placeholder_manifest,NOT_A_DIAGNOSIS
goat_0766,train,goat_0766.jpg,nasal_discharge,side_left,indoor,close,goat|nasal_discharge,NEEDS_REAL_IMAGE_ANNOTATION,placeholder_manifest,NOT_A_DIAGNOSIS
goat_0767,train,goat_0767.jpg,healthy,side_left,outdoor,far,goat,NEEDS_REAL_IMAGE_ANNOTATION,placeholder_manifest,NOT_A_DIAGNOSIS
goat_0768,train,goat_0768.jpg,abnormal_posture,front,indoor,far,goat|abnormal_posture,NEEDS_REAL_IMAGE_ANNOTATION,placeholder_manifest,NOT_A_DIAGNOSIS
goat_0769,train,goat_0769.jpg,possible_lameness,rear,outdoor,close,goat|possible_lameness,NEEDS_REAL_IMAGE_ANNOTATION,placeholder_manifest,NOT_A_DIAGNOSIS
goat_0770,train,goat_0770.jpg,healthy,side_right,outdoor,far,goat,NEEDS_REAL_IMAGE_ANNOTATION,placeholder_manifest,NOT_A_DIAGNOSIS
goat_0771,train,goat_0771.jpg,healthy,side_right,indoor,far,goat,NEEDS_REAL_IMAGE_ANNOTATION,placeholder_manifest,NOT_A_DIAGNOSIS
goat_0772,train,goat_0772.jpg,multiple_visible_signs,rear,outdoor,close,goat|abnormal_posture|eye_discharge,NEEDS_REAL_IMAGE_ANNOTATION,placeholder_manifest,NOT_A_DIAGNOSIS
goat_0773,train,goat_0773.jpg,healthy,side_left,indoor,close,goat,NEEDS_REAL_IMAGE_ANNOTATION,placeholder_manifest,NOT_A_DIAGNOSIS
goat_0774,train,goat_0774.jpg,nasal_discharge,front,outdoor,far,goat|nasal_discharge,NEEDS_REAL_IMAGE_ANNOTATION,placeholder_manifest,NOT_A_DIAGNOSIS
goat_0775,train,goat_0775.jpg,healthy,side_left,outdoor,far,goat,NEEDS_REAL_IMAGE_ANNOTATION,placeholder_manifest,NOT_A_DIAGNOSIS
goat_0776,train,goat_0776.jpg,healthy,side_right,good,close,goat,NEEDS_REAL_IMAGE_ANNOTATION,placeholder_manifest,NOT_A_DIAGNOSIS
goat_0777,train,goat_0777.jpg,healthy,side_left,good,far,goat,NEEDS_REAL_IMAGE_ANNOTATION,placeholder_manifest,NOT_A_DIAGNOSIS
goat_0778,train,goat_0778.jpg,possible_lameness,front,outdoor,far,goat|possible_lameness,NEEDS_REAL_IMAGE_ANNOTATION,placeholder_manifest,NOT_A_DIAGNOSIS
goat_0779,train,goat_0779.jpg,multiple_visible_signs,rear,good,medium,goat|skin_lesion|possible_lameness,NEEDS_REAL_IMAGE_ANNOTATION,placeholder_manifest,NOT_A_DIAGNOSIS
goat_0780,train,goat_0780.jpg,healthy,side_left,low_light,far,goat,NEEDS_REAL_IMAGE_ANNOTATION,placeholder_manifest,NOT_A_DIAGNOSIS
goat_0781,train,goat_0781.jpg,multiple_visible_signs,side_right,indoor,far,goat|possible_lameness|skin_lesion,NEEDS_REAL_IMAGE_ANNOTATION,placeholder_manifest,NOT_A_DIAGNOSIS
goat_0782,train,goat_0782.jpg,healthy,side_left,low_light,medium,goat,NEEDS_REAL_IMAGE_ANNOTATION,placeholder_manifest,NOT_A_DIAGNOSIS
goat_0783,train,goat_0783.jpg,skin_lesion,side_right,indoor,close,goat|skin_lesion,NEEDS_REAL_IMAGE_ANNOTATION,placeholder_manifest,NOT_A_DIAGNOSIS
goat_0784,train,goat_0784.jpg,skin_lesion,rear,good,close,goat|skin_lesion,NEEDS_REAL_IMAGE_ANNOTATION,placeholder_manifest,NOT_A_DIAGNOSIS
goat_0785,train,goat_0785.jpg,nasal_discharge,side_left,good,medium,goat|nasal_discharge,NEEDS_REAL_IMAGE_ANNOTATION,placeholder_manifest,NOT_A_DIAGNOSIS
goat_0786,train,goat_0786.jpg,healthy,front,indoor,medium,goat,NEEDS_REAL_IMAGE_ANNOTATION,placeholder_manifest,NOT_A_DIAGNOSIS
goat_0787,train,goat_0787.jpg,multiple_visible_signs,side_left,good,far,goat|skin_lesion|abnormal_posture,NEEDS_REAL_IMAGE_ANNOTATION,placeholder_manifest,NOT_A_DIAGNOSIS
goat_0788,train,goat_0788.jpg,healthy,side_left,indoor,far,goat,NEEDS_REAL_IMAGE_ANNOTATION,placeholder_manifest,NOT_A_DIAGNOSIS
goat_0789,train,goat_0789.jpg,healthy,side_right,good,far,goat,NEEDS_REAL_IMAGE_ANNOTATION,placeholder_manifest,NOT_A_DIAGNOSIS
goat_0790,train,goat_0790.jpg,healthy,rear,low_light,far,goat,NEEDS_REAL_IMAGE_ANNOTATION,placeholder_manifest,NOT_A_DIAGNOSIS
goat_0791,train,goat_0791.jpg,eye_discharge,side_left,low_light,medium,goat|eye_discharge,NEEDS_REAL_IMAGE_ANNOTATION,placeholder_manifest,NOT_A_DIAGNOSIS
goat_0792,train,goat_0792.jpg,possible_lameness,side_right,low_light,close,goat|possible_lameness,NEEDS_REAL_IMAGE_ANNOTATION,placeholder_manifest,NOT_A_DIAGNOSIS
goat_0793,train,goat_0793.jpg,abnormal_posture,side_left,indoor,medium,goat|abnormal_posture,NEEDS_REAL_IMAGE_ANNOTATION,placeholder_manifest,NOT_A_DIAGNOSIS
goat_0794,train,goat_0794.jpg,healthy,front,outdoor,close,goat,NEEDS_REAL_IMAGE_ANNOTATION,placeholder_manifest,NOT_A_DIAGNOSIS
goat_0795,train,goat_0795.jpg,healthy,front,good,medium,goat,NEEDS_REAL_IMAGE_ANNOTATION,placeholder_manifest,NOT_A_DIAGNOSIS
goat_0796,train,goat_0796.jpg,healthy,rear,indoor,far,goat,NEEDS_REAL_IMAGE_ANNOTATION,placeholder_manifest,NOT_A_DIAGNOSIS
goat_0797,train,goat_0797.jpg,healthy,front,outdoor,far,goat,NEEDS_REAL_IMAGE_ANNOTATION,placeholder_manifest,NOT_A_DIAGNOSIS
goat_0798,train,goat_0798.jpg,multiple_visible_signs,rear,good,medium,goat|nasal_discharge|abnormal_posture,NEEDS_REAL_IMAGE_ANNOTATION,placeholder_manifest,NOT_A_DIAGNOSIS
goat_0799,train,goat_0799.jpg,healthy,front,outdoor,close,goat,NEEDS_REAL_IMAGE_ANNOTATION,placeholder_manifest,NOT_A_DIAGNOSIS
goat_0800,train,goat_0800.jpg,multiple_visible_signs,rear,outdoor,far,goat|skin_lesion|possible_lameness,NEEDS_REAL_IMAGE_ANNOTATION,placeholder_manifest,NOT_A_DIAGNOSIS
